student_id,age,study_hours,sleep_hours,attendance_pct,family_income,location_type,stream,has_tuition,exam_score,result
1,22,2.6,7.1,85.6,18.6,Rural,Humanities,No,42.3,Pass
2,19,3.9,8.0,61.0,32.9,Urban,Management,Yes,60.3,Pass
3,18,3.3,8.1,77.7,54.8,Semi-urban,Humanities,Yes,33.6,Fail
4,23,7.2,7.5,62.2,61.1,Semi-urban,Science,Yes,68.6,Pass
5,24,1.6,8.1,75.1,,,Education,Yes,50.3,Pass
6,18,3.8,6.3,85.2,39.0,Rural,Management,Yes,50.4,Pass
7,23,3.5,9.3,91.0,,Semi-urban,Education,No,47.5,Pass
8,19,2.5,6.6,79.7,22.6,Rural,Management,Yes,47.7,Pass
9,23,2.2,3.5,98.1,,Urban,Management,Yes,50.3,Pass
10,23,1.1,7.0,63.9,169.9,Urban,Science,Yes,35.7,Fail
11,17,2.9,6.9,,117.2,Urban,Science,No,38.3,Fail
12,17,9.7,7.0,94.4,26.5,Urban,Science,Yes,91.5,Pass
13,23,9.6,6.6,85.3,22.6,Urban,Humanities,No,75.4,Pass
14,18,1.6,5.8,75.2,88.4,Rural,Education,No,22.6,Fail
15,22,2.1,7.2,67.2,24.6,Urban,Management,No,36.7,Fail
16,22,2.4,5.4,73.9,24.1,Rural,Humanities,Yes,37.6,Fail
17,24,6.6,6.1,79.8,26.6,Urban,Management,Yes,54.7,Pass
18,19,6.2,7.0,77.0,,Urban,Management,Yes,63.1,Pass
19,24,4.8,5.2,70.2,,Rural,Science,Yes,48.1,Pass
20,21,1.0,,87.0,19.2,Semi-urban,Management,No,32.8,Fail
21,17,6.8,6.7,100.0,61.1,Rural,Management,Yes,73.9,Pass
22,23,5.8,7.5,73.8,22.6,,Education,,56.5,Pass
23,21,1.7,6.9,84.9,,Urban,Science,No,46.6,Pass
24,23,5.2,5.2,79.8,15.9,Semi-urban,Science,No,55.0,Pass
25,21,5.4,,81.7,18.4,Urban,Humanities,No,57.9,Pass
26,18,,7.8,66.1,50.5,Semi-urban,Education,,47.2,Pass
27,22,6.3,5.7,67.2,,Semi-urban,Management,No,61.6,Pass
28,23,4.0,6.1,86.2,66.7,Semi-urban,Science,No,54.2,Pass
29,21,7.3,3.3,77.5,23.4,Rural,Education,,47.2,Pass
30,21,6.1,6.4,64.3,14.9,Rural,Humanities,No,44.8,Pass
31,20,3.2,5.9,74.6,65.3,Semi-urban,Science,Yes,57.2,Pass
32,24,4.7,,,,Semi-urban,Science,No,66.7,Pass
33,20,2.4,5.2,67.9,13.8,Semi-urban,Management,No,40.6,Pass
34,21,4.6,8.4,94.0,55.4,Rural,Humanities,No,54.8,Pass
35,24,2.2,4.3,70.6,22.2,Semi-urban,Science,No,41.6,Pass
36,17,8.2,8.1,88.7,13.3,Urban,Management,No,61.7,Pass
37,21,4.7,6.5,86.5,47.2,Urban,Science,No,64.1,Pass
38,22,7.4,6.3,84.5,41.7,Urban,Management,No,70.5,Pass
39,24,4.3,8.3,95.9,30.8,Semi-urban,Science,No,66.5,Pass
40,22,6.2,6.7,65.5,59.1,Semi-urban,Management,No,62.5,Pass
41,18,6.8,5.2,66.7,22.9,Rural,Education,No,49.9,Pass
42,22,,5.2,89.0,,Urban,Humanities,Yes,47.7,Pass
43,20,2.3,7.2,89.3,109.0,Rural,Science,Yes,39.4,Fail
44,20,2.5,6.8,75.6,41.5,Semi-urban,Science,No,37.8,Fail
45,22,4.2,6.7,100.0,26.8,Rural,Management,No,39.9,Fail
46,17,3.3,6.4,75.7,20.8,Urban,Management,No,55.8,Pass
47,21,7.5,9.3,88.9,25.0,Rural,Science,No,76.5,Pass
48,23,4.2,7.3,100.0,50.1,Urban,Humanities,Yes,61.5,Pass
49,20,7.2,9.4,92.3,8.8,Rural,Science,No,57.4,Pass
50,18,4.0,8.4,57.6,16.1,,Management,No,58.4,Pass
51,18,8.0,7.4,61.8,101.8,Semi-urban,Management,Yes,81.2,Pass
52,18,3.0,7.5,78.4,95.1,Urban,Science,Yes,50.4,Pass
53,17,1.0,7.1,69.1,22.1,Semi-urban,Science,No,39.9,Fail
54,20,4.2,,91.5,12.0,Semi-urban,Education,No,42.9,Pass
55,22,1.6,6.8,91.9,76.6,Urban,Management,Yes,49.2,Pass
56,19,3.0,,,36.8,Semi-urban,Management,Yes,40.1,Pass
57,22,3.1,,70.1,6.3,Semi-urban,Education,Yes,34.8,Fail
58,24,2.6,7.5,56.1,44.4,Urban,Management,Yes,58.6,Pass
59,17,1.8,6.2,100.0,73.8,Rural,Education,No,45.5,Pass
60,24,5.9,7.1,73.7,38.9,Urban,Science,Yes,79.2,Pass
61,24,5.4,,76.1,49.9,Rural,Management,Yes,49.7,Pass
62,22,2.4,7.4,,25.1,Rural,Management,No,40.7,Pass
63,22,2.3,,65.6,44.5,Rural,Humanities,Yes,47.7,Pass
64,20,5.3,7.8,62.8,55.5,Semi-urban,Science,Yes,60.2,Pass
65,22,4.0,7.9,76.9,,Urban,Humanities,No,53.6,Pass
66,19,6.5,7.0,95.5,38.7,Urban,Humanities,No,64.7,Pass
67,17,14.0,6.5,98.8,25.3,Urban,Humanities,No,92.1,Pass
68,19,3.3,7.0,74.6,45.6,Semi-urban,Science,Yes,46.6,Pass
69,17,2.0,7.7,,40.2,Semi-urban,Management,No,46.9,Pass
70,23,1.0,7.7,100.0,7.1,Rural,Management,Yes,60.5,Pass
71,21,2.4,8.3,80.8,27.8,Urban,Management,Yes,57.4,Pass
72,23,1.4,7.2,78.2,95.4,Rural,Education,,39.6,Fail
73,24,3.5,6.5,68.3,20.8,Urban,Management,No,49.7,Pass
74,22,2.8,7.5,100.0,48.4,Semi-urban,Humanities,Yes,62.1,Pass
75,22,2.5,6.3,83.7,65.0,Rural,Science,Yes,51.9,Pass
76,23,2.0,6.8,75.5,52.2,,Management,Yes,43.2,Pass
77,19,1.2,6.5,100.0,58.2,Urban,Humanities,Yes,61.3,Pass
78,18,3.9,7.4,72.0,11.0,Semi-urban,Management,No,49.7,Pass
79,24,4.9,4.3,74.4,40.6,Urban,Management,Yes,57.1,Pass
80,17,5.1,8.2,84.6,110.5,,Science,Yes,61.7,Pass
81,17,1.4,6.5,80.0,51.4,Semi-urban,Science,Yes,38.3,Fail
82,22,1.4,,67.3,17.1,Rural,Management,Yes,32.0,Fail
83,24,1.1,6.3,91.0,28.7,Semi-urban,Science,No,45.8,Pass
84,17,4.6,5.9,79.3,44.0,Rural,Management,No,32.8,Fail
85,17,3.7,9.2,89.0,27.2,Urban,Science,Yes,58.7,Pass
86,23,3.1,5.3,100.0,30.5,Rural,Science,Yes,56.2,Pass
87,23,5.5,7.9,78.8,171.0,Rural,Education,Yes,61.1,Pass
88,18,4.7,6.3,72.2,26.7,Urban,Management,Yes,59.6,Pass
89,20,0.5,,95.7,18.2,Urban,Science,Yes,47.9,Pass
90,24,2.4,9.6,64.5,30.6,Urban,Education,No,46.4,Pass
91,23,8.0,5.5,83.5,36.2,Rural,Management,Yes,62.7,Pass
92,18,1.9,6.7,69.0,25.9,Urban,Science,No,44.9,Pass
93,20,1.1,6.1,82.5,44.9,Semi-urban,Science,Yes,47.3,Pass
94,21,4.7,8.6,71.0,21.8,Urban,Management,No,58.7,Pass
95,23,6.1,6.3,80.1,42.1,Urban,Science,Yes,68.6,Pass
96,19,1.0,6.9,79.5,27.6,Rural,Management,Yes,30.7,Fail
97,18,8.4,6.9,85.7,48.4,Urban,Science,Yes,84.3,Pass
98,23,2.1,7.2,89.2,,Urban,Humanities,No,49.6,Pass
99,22,4.2,6.1,70.0,84.8,Semi-urban,Humanities,Yes,52.7,Pass
100,23,0.5,6.1,69.7,52.0,Rural,Humanities,Yes,37.3,Fail
101,21,3.1,7.2,95.5,14.9,Semi-urban,Science,Yes,53.4,Pass
102,22,5.2,7.4,89.0,39.9,Rural,Science,Yes,67.7,Pass
103,19,2.6,6.4,86.1,60.6,Rural,Humanities,Yes,40.3,Pass
104,21,2.5,7.5,91.4,16.1,Semi-urban,Science,No,48.4,Pass
105,23,2.7,5.2,67.9,61.5,Semi-urban,Humanities,Yes,44.3,Pass
106,21,4.2,6.7,64.1,56.6,Urban,Science,Yes,54.3,Pass
107,22,1.4,6.4,84.0,79.0,Semi-urban,Education,Yes,46.6,Pass
108,24,1.0,6.1,58.7,50.2,Urban,Science,Yes,49.1,Pass
109,20,1.8,5.4,71.8,18.9,Urban,Management,Yes,36.3,Fail
110,21,8.9,7.8,100.0,92.0,Urban,Management,Yes,100.0,Pass
111,21,3.4,6.4,91.1,25.2,Rural,Science,No,52.1,Pass
112,23,10.4,7.8,68.6,,Urban,Management,Yes,74.0,Pass
113,19,1.7,6.3,80.2,51.5,Rural,Management,Yes,40.1,Pass
114,21,4.7,6.5,74.2,81.8,Semi-urban,Education,Yes,48.7,Pass
115,24,4.1,6.1,99.7,64.9,Semi-urban,Humanities,Yes,51.4,Pass
116,23,5.6,4.6,94.6,48.0,Rural,Science,No,56.5,Pass
117,24,11.8,6.8,74.9,97.4,Urban,Science,Yes,95.5,Pass
118,17,2.0,7.1,75.7,24.3,Rural,Education,No,43.6,Pass
119,24,2.4,7.4,96.6,21.2,Urban,Management,No,48.5,Pass
120,17,6.1,7.6,85.6,37.5,Urban,Humanities,No,48.8,Pass
121,24,5.2,4.4,87.8,18.5,Urban,Humanities,No,51.2,Pass
122,22,1.1,5.8,82.6,,Rural,Humanities,Yes,29.8,Fail
123,17,2.3,6.9,88.5,79.0,Rural,Science,No,38.9,Fail
124,21,4.7,7.1,72.0,17.1,Semi-urban,Management,No,47.5,Pass
125,23,0.7,7.0,77.6,32.1,Rural,Management,Yes,36.7,Fail
126,22,4.0,5.7,80.6,63.3,Semi-urban,Education,No,34.5,Fail
127,19,6.0,8.5,99.4,111.8,Semi-urban,Science,Yes,71.6,Pass
128,22,5.8,6.7,78.2,69.5,Semi-urban,Management,Yes,51.3,Pass
129,22,0.6,6.2,77.6,44.1,Semi-urban,Management,No,40.7,Pass
130,21,2.8,9.0,89.5,31.9,Semi-urban,Management,No,44.7,Pass
131,20,1.7,5.3,85.3,72.3,Semi-urban,Humanities,Yes,39.4,Fail
132,17,3.6,6.3,82.3,,Semi-urban,Education,No,51.2,Pass
133,19,6.3,6.0,74.2,35.2,Rural,Management,No,40.6,Pass
134,18,2.8,3.6,71.7,61.3,Urban,Management,Yes,48.2,Pass
135,22,3.0,4.5,82.5,27.5,Urban,Education,Yes,49.6,Pass
136,19,1.0,6.0,83.1,42.1,Rural,Science,Yes,33.2,Fail
137,17,3.1,5.0,90.0,30.7,Urban,Science,No,45.4,Pass
138,21,,6.8,100.0,54.8,Rural,Science,Yes,67.4,Pass
139,19,2.3,7.7,57.5,,Semi-urban,Education,,36.9,Fail
140,21,2.4,6.7,76.2,85.0,Rural,Management,Yes,48.8,Pass
141,19,7.2,8.7,70.3,52.6,Urban,Management,No,75.3,Pass
142,21,2.2,5.2,61.9,66.2,Rural,Education,No,30.9,Fail
143,22,6.2,7.9,78.2,47.4,Urban,Humanities,Yes,56.6,Pass
144,21,2.1,,92.7,16.3,Urban,Humanities,Yes,47.1,Pass
145,20,5.8,,69.4,,Rural,Management,No,49.8,Pass
146,23,0.6,7.3,68.7,17.9,Semi-urban,Humanities,No,34.7,Fail
147,24,1.2,6.4,74.9,33.6,Rural,Education,No,38.7,Fail
148,17,2.6,7.1,80.2,27.6,Semi-urban,Humanities,No,49.0,Pass
149,21,3.0,8.3,82.8,72.7,Rural,Science,Yes,56.5,Pass
150,18,2.3,6.4,94.2,38.6,Urban,Humanities,No,59.8,Pass
151,18,1.5,5.9,69.7,,Semi-urban,Management,No,24.0,Fail
152,17,5.6,7.0,69.4,27.1,,Management,No,51.5,Pass
153,23,2.5,6.3,100.0,41.7,Semi-urban,Science,Yes,69.8,Pass
154,17,3.6,8.5,81.5,38.6,Semi-urban,Humanities,Yes,52.4,Pass
155,22,2.6,5.9,73.2,,Semi-urban,Management,Yes,45.1,Pass
156,19,2.0,7.8,78.2,133.7,Semi-urban,Science,,42.8,Pass
157,20,3.9,6.3,88.2,11.2,Rural,Management,No,43.1,Pass
158,20,4.9,8.9,82.2,65.9,Semi-urban,Humanities,Yes,73.7,Pass
159,19,1.9,5.4,,11.6,Urban,Education,Yes,50.0,Pass
160,17,11.2,8.4,82.1,77.9,Rural,Humanities,Yes,82.2,Pass
161,20,1.0,6.6,94.3,29.0,Urban,Management,No,49.8,Pass
162,18,,7.4,93.3,81.6,Urban,Science,Yes,63.2,Pass
163,23,0.8,8.8,76.3,79.1,Rural,Science,Yes,39.5,Fail
164,19,7.9,6.7,97.1,17.7,Urban,Management,Yes,75.2,Pass
165,18,1.9,7.2,65.1,21.4,Rural,Science,No,48.3,Pass
166,23,0.7,5.9,99.8,,Rural,Management,Yes,53.8,Pass
167,24,3.8,5.0,78.9,47.3,Urban,Science,,47.1,Pass
168,19,7.2,6.9,91.3,18.6,Urban,Humanities,Yes,65.7,Pass
169,19,0.7,7.4,88.6,14.5,Urban,Management,No,46.9,Pass
170,20,2.7,5.7,82.4,40.5,Semi-urban,Humanities,Yes,52.7,Pass
171,18,7.4,6.5,84.3,24.3,Semi-urban,Science,No,73.1,Pass
172,21,2.8,5.2,,17.1,Urban,Humanities,Yes,60.8,Pass
173,18,2.8,5.7,78.0,26.0,Urban,Humanities,No,40.4,Pass
174,18,3.4,7.0,90.2,47.9,Rural,Management,Yes,49.1,Pass
175,19,2.3,5.6,76.1,55.1,Semi-urban,Science,No,38.0,Fail
176,21,2.9,8.8,73.1,28.1,Urban,Management,No,45.3,Pass
177,18,7.3,7.0,70.2,43.3,Urban,Science,Yes,71.1,Pass
178,23,2.1,7.0,62.3,31.9,Urban,Science,Yes,44.9,Pass
179,18,10.7,8.1,90.5,76.7,Rural,Humanities,No,72.1,Pass
180,24,2.6,9.2,65.7,50.2,Urban,Science,Yes,64.6,Pass
181,17,1.0,7.0,75.3,,,Management,No,43.6,Pass
182,21,1.8,7.4,83.5,32.9,Rural,Humanities,Yes,33.8,Fail
183,19,7.1,7.3,62.8,41.1,Urban,Management,No,70.1,Pass
184,19,4.8,6.8,74.7,25.6,Semi-urban,Management,Yes,52.6,Pass
185,21,7.0,6.1,100.0,23.5,Rural,Humanities,Yes,59.8,Pass
186,20,14.0,6.1,72.6,99.5,Semi-urban,Humanities,Yes,74.0,Pass
187,19,6.2,8.4,89.4,41.1,Semi-urban,Science,,66.6,Pass
188,17,1.6,7.2,98.3,18.4,Urban,Science,No,54.3,Pass
189,23,2.9,4.9,90.1,38.6,Urban,Science,No,54.9,Pass
190,22,5.2,7.3,86.6,24.1,Urban,Management,No,70.6,Pass
191,23,0.8,7.1,100.0,20.7,Urban,Humanities,No,39.0,Fail
192,21,2.1,5.7,88.8,,Rural,Management,Yes,47.3,Pass
193,20,1.6,5.4,86.7,40.2,Rural,Humanities,No,41.4,Pass
194,23,4.8,8.5,81.1,48.6,Urban,Management,Yes,68.8,Pass
195,20,2.6,7.6,87.8,54.0,Urban,Humanities,No,51.5,Pass
196,18,6.6,8.1,,36.3,Rural,Management,Yes,71.6,Pass
197,21,1.1,3.8,76.8,19.3,Semi-urban,Humanities,No,21.9,Fail
198,23,3.1,6.8,85.9,69.6,Urban,Humanities,Yes,54.9,Pass
199,20,4.5,5.5,85.0,17.7,Urban,Humanities,No,52.7,Pass
200,23,2.0,5.8,71.9,38.6,Urban,Management,Yes,47.6,Pass
201,24,,7.7,89.4,22.0,Urban,Science,No,53.6,Pass
202,18,2.4,5.6,72.3,25.7,Urban,Science,No,47.6,Pass
203,21,2.6,,67.8,50.8,Rural,Science,Yes,50.9,Pass
204,20,4.0,5.4,89.0,15.1,Urban,Humanities,Yes,55.2,Pass
205,20,3.5,8.3,88.8,77.8,Urban,Management,No,60.3,Pass
206,20,2.6,7.1,93.5,63.0,Semi-urban,Science,No,42.7,Pass
207,22,2.6,6.1,68.3,54.2,Urban,Humanities,No,51.0,Pass
208,21,6.5,7.5,100.0,29.1,Rural,Humanities,No,50.3,Pass
209,24,3.1,6.1,100.0,9.5,Semi-urban,Humanities,No,42.0,Pass
210,19,5.5,7.6,100.0,118.3,Urban,Science,Yes,57.1,Pass
211,20,2.9,8.0,87.6,19.5,Urban,Management,No,41.4,Pass
212,18,5.3,6.4,84.5,37.0,Urban,Science,No,58.7,Pass
213,18,3.9,,86.4,,Rural,Education,No,48.4,Pass
214,21,4.0,7.5,76.3,37.9,Semi-urban,Management,No,58.6,Pass
215,24,2.0,,77.1,33.7,Urban,Management,Yes,48.4,Pass
216,18,4.6,4.7,70.3,51.3,Semi-urban,Humanities,Yes,47.6,Pass
217,22,3.4,9.1,68.6,100.5,Semi-urban,Humanities,No,35.4,Fail
218,23,4.7,4.7,86.2,103.0,Semi-urban,Science,No,48.8,Pass
219,24,7.2,,68.4,28.6,Rural,Education,No,52.7,Pass
220,18,6.1,6.9,88.9,53.4,Urban,Management,Yes,72.3,Pass
221,22,1.0,,78.4,57.3,Rural,Science,No,25.9,Fail
222,21,9.3,4.6,71.7,128.9,Rural,Humanities,Yes,62.2,Pass
223,17,3.4,7.2,92.7,55.7,Urban,Management,No,55.8,Pass
224,21,1.3,5.4,75.0,14.1,Urban,Science,No,52.4,Pass
225,17,5.9,5.8,,27.1,Semi-urban,Science,Yes,47.4,Pass
226,21,3.9,7.4,,147.2,Rural,Management,Yes,43.7,Pass
227,21,4.6,6.3,72.6,67.9,Urban,Science,Yes,73.4,Pass
228,20,2.2,7.5,82.6,,Urban,Science,No,45.8,Pass
229,22,1.9,7.5,,20.6,Semi-urban,Management,No,23.2,Fail
230,22,4.1,5.8,70.3,70.1,Urban,Education,Yes,55.9,Pass
231,20,1.6,7.5,94.5,21.0,Rural,Management,No,38.0,Fail
232,19,1.2,6.6,81.4,105.4,Rural,Science,Yes,52.1,Pass
233,24,2.2,7.2,73.2,,Urban,Science,Yes,53.1,Pass
234,22,3.7,6.6,82.3,36.4,Semi-urban,Science,No,46.3,Pass
235,20,0.4,7.0,64.7,72.1,Semi-urban,Education,Yes,41.0,Pass
236,23,3.1,7.6,86.5,59.8,Rural,Science,Yes,62.6,Pass
237,17,2.7,,85.3,12.6,,Humanities,No,47.7,Pass
238,23,10.5,8.2,93.1,86.8,Rural,Humanities,Yes,67.5,Pass
239,21,2.6,4.5,98.2,25.5,Semi-urban,Education,Yes,46.6,Pass
240,24,1.2,6.6,85.3,74.7,Semi-urban,Science,No,35.4,Fail
241,18,2.6,7.2,82.6,75.3,Rural,Humanities,Yes,40.7,Pass
242,20,4.2,5.5,84.0,39.1,Urban,Management,No,51.2,Pass
243,18,1.2,6.6,80.4,58.8,Urban,Management,No,35.6,Fail
244,22,2.4,5.9,75.1,101.3,Rural,Science,Yes,43.0,Pass
245,22,9.8,6.8,76.3,75.3,Semi-urban,Humanities,Yes,85.7,Pass
246,17,5.1,8.1,80.0,13.2,Semi-urban,Management,No,49.5,Pass
247,21,1.3,7.2,86.3,159.7,Semi-urban,Education,Yes,49.5,Pass
248,20,3.2,5.4,85.1,24.1,Semi-urban,Science,No,41.3,Pass
249,23,8.8,6.1,79.8,13.3,Semi-urban,Science,No,59.4,Pass
250,21,1.5,6.7,69.9,77.4,Urban,Management,Yes,31.9,Fail
251,23,6.6,5.6,88.7,31.8,Urban,Management,Yes,76.4,Pass
252,22,5.5,7.9,93.9,15.9,Urban,Education,Yes,63.6,Pass
253,21,5.7,7.3,,,Urban,Management,Yes,47.8,Pass
254,21,2.6,6.8,92.9,46.2,Rural,Science,No,54.6,Pass
255,23,4.7,5.0,76.7,49.2,Urban,Management,Yes,46.2,Pass
256,23,2.2,6.6,66.8,27.8,Rural,Education,No,33.3,Fail
257,18,9.8,9.7,78.7,43.0,Urban,Science,Yes,84.0,Pass
258,17,8.6,4.5,94.4,34.0,Semi-urban,Management,,71.0,Pass
259,23,2.5,6.9,96.6,,Rural,Education,No,30.4,Fail
260,21,1.7,5.7,73.1,60.6,Semi-urban,Science,Yes,41.3,Pass
261,20,10.2,7.7,65.3,19.2,Urban,Humanities,No,62.9,Pass
262,24,2.4,5.4,91.1,,Urban,Science,No,44.2,Pass
263,21,,6.3,59.3,51.8,Urban,Education,Yes,43.8,Pass
264,20,3.6,6.4,100.0,,Urban,Education,Yes,52.7,Pass
265,20,,5.9,88.2,200.6,Urban,Science,Yes,51.4,Pass
266,23,2.1,7.6,80.2,51.2,Semi-urban,Humanities,Yes,57.8,Pass
267,21,4.6,6.8,78.0,25.7,Semi-urban,Management,No,41.5,Pass
268,22,2.7,6.2,69.1,26.2,Urban,Management,No,54.8,Pass
269,20,3.7,6.0,84.5,84.7,Rural,Science,Yes,61.0,Pass
270,23,1.5,5.6,79.2,18.5,Urban,Humanities,No,41.4,Pass
271,18,1.4,8.3,68.1,49.1,Semi-urban,Humanities,Yes,42.3,Pass
272,18,5.9,9.2,52.0,12.9,Rural,Science,No,54.3,Pass
273,21,2.3,8.0,93.6,36.6,Urban,Management,Yes,56.6,Pass
274,18,2.1,8.1,88.0,21.1,Urban,Management,No,56.7,Pass
275,17,9.1,6.1,96.3,72.2,Rural,Management,Yes,77.5,Pass
276,22,6.9,6.3,71.7,33.2,Rural,Management,No,59.5,Pass
277,20,0.6,5.4,77.7,28.6,Urban,Science,No,24.7,Fail
278,24,6.1,5.8,82.8,47.5,Semi-urban,Management,No,48.7,Pass
279,23,9.1,8.5,63.5,,,Science,Yes,59.8,Pass
280,18,2.8,6.6,,40.2,Semi-urban,Management,No,50.5,Pass
281,21,2.7,8.2,72.9,53.1,Rural,Management,Yes,44.0,Pass
282,24,7.7,6.9,93.6,76.0,Rural,Management,Yes,75.0,Pass
283,24,0.8,6.9,87.2,15.1,Urban,Education,No,43.2,Pass
284,17,1.4,7.8,74.6,73.6,Rural,Management,Yes,46.3,Pass
285,18,5.0,6.8,100.0,52.4,Semi-urban,Science,Yes,73.5,Pass
286,19,2.3,7.0,75.4,110.6,Rural,Management,Yes,46.0,Pass
287,20,3.8,7.7,83.7,75.3,Urban,Science,Yes,48.2,Pass
288,21,3.8,5.9,80.6,52.8,Urban,Humanities,Yes,46.0,Pass
289,21,1.6,8.2,89.4,,Rural,Management,No,41.5,Pass
290,19,3.4,8.0,51.1,18.3,Semi-urban,Management,Yes,46.6,Pass
291,24,2.1,7.5,87.2,53.4,Urban,Management,Yes,55.9,Pass
292,20,4.8,6.6,85.1,,Semi-urban,Management,No,59.6,Pass
293,19,4.4,5.1,82.5,32.4,Semi-urban,Management,Yes,61.0,Pass
294,19,2.7,6.2,90.0,30.1,Urban,Science,No,59.0,Pass
295,21,9.0,6.3,62.9,19.4,Urban,Science,,76.3,Pass
296,22,8.0,6.2,74.0,9.8,Semi-urban,Management,No,42.0,Pass
297,19,6.2,8.0,67.0,30.7,Semi-urban,Humanities,No,49.1,Pass
298,23,2.5,6.7,81.5,89.6,Urban,Science,Yes,57.8,Pass
299,17,3.9,7.9,82.6,37.2,Urban,Humanities,No,63.1,Pass
300,24,5.8,7.3,89.0,50.5,Semi-urban,Humanities,No,65.5,Pass
301,23,5.6,7.4,100.0,33.1,Rural,Management,No,64.1,Pass
302,23,2.8,7.1,91.8,45.1,Urban,Science,Yes,47.1,Pass
303,20,1.9,6.7,98.1,40.1,Semi-urban,Science,Yes,48.6,Pass
304,19,3.1,7.5,95.4,83.5,,Humanities,No,51.5,Pass
305,20,4.0,4.6,79.0,17.6,Rural,Education,No,36.1,Fail
306,23,5.2,6.6,83.6,61.9,Urban,Management,No,53.5,Pass
307,19,4.2,,79.7,18.0,Urban,Management,No,54.4,Pass
308,20,1.3,9.6,77.9,31.5,Urban,Humanities,No,52.2,Pass
309,19,2.6,7.5,83.6,19.9,Urban,Science,No,50.5,Pass
310,17,7.2,6.0,93.8,31.2,Rural,Humanities,Yes,62.9,Pass
311,22,4.1,6.6,77.3,20.6,Rural,Humanities,No,31.3,Fail
312,21,8.2,4.3,52.7,34.9,Semi-urban,Management,No,44.8,Pass
313,22,2.9,5.5,79.7,28.9,Urban,Humanities,Yes,50.8,Pass
314,18,5.1,6.5,74.3,52.7,Rural,Education,No,54.7,Pass
315,24,2.6,5.4,84.7,35.5,Semi-urban,Humanities,Yes,56.9,Pass
316,21,3.2,4.0,83.9,20.3,Semi-urban,Management,Yes,45.9,Pass
317,24,2.6,6.3,85.0,111.6,Urban,Humanities,Yes,48.8,Pass
318,19,,4.6,69.0,93.1,Urban,Science,Yes,58.2,Pass
319,20,4.0,6.7,100.0,27.6,Semi-urban,Science,Yes,68.2,Pass
320,17,0.9,9.1,,55.1,Semi-urban,Management,No,25.5,Fail
321,21,7.6,6.5,,64.3,Urban,Humanities,Yes,80.1,Pass
322,18,2.4,5.8,80.2,24.4,Urban,Humanities,No,46.4,Pass
323,18,14.0,5.0,,53.3,Urban,Management,Yes,95.5,Pass
324,24,1.3,6.4,89.3,85.6,,Management,Yes,25.1,Fail
325,21,5.2,5.3,84.8,36.7,Semi-urban,Management,Yes,59.7,Pass
326,23,3.6,6.4,75.5,36.0,Urban,Management,Yes,63.7,Pass
327,20,7.6,7.7,80.9,244.8,Rural,Education,Yes,63.7,Pass
328,17,5.6,8.0,75.5,23.0,Urban,Humanities,No,67.8,Pass
329,18,2.4,5.7,100.0,36.0,Urban,Education,No,56.5,Pass
330,19,3.6,8.3,100.0,48.6,Urban,Science,No,59.6,Pass
331,23,0.7,8.3,77.2,15.2,Rural,Management,Yes,47.6,Pass
332,21,6.6,6.3,75.2,38.4,Urban,Management,Yes,73.2,Pass
333,18,5.3,7.2,69.3,20.2,Urban,Science,No,60.2,Pass
334,20,2.9,6.7,72.8,71.6,Rural,Management,No,29.7,Fail
335,24,2.1,5.6,,34.6,Urban,Management,No,37.4,Fail
336,17,5.5,6.7,71.0,,Urban,Science,Yes,66.2,Pass
337,20,0.7,,97.0,,,Humanities,Yes,42.0,Pass
338,19,7.6,10.0,100.0,20.8,Semi-urban,Management,No,78.9,Pass
339,23,0.7,8.8,100.0,64.9,Semi-urban,Science,No,46.8,Pass
340,18,1.4,6.6,90.1,32.4,Urban,Management,Yes,58.2,Pass
341,24,3.1,8.1,85.7,21.4,Urban,Management,Yes,74.3,Pass
342,17,,4.9,87.4,18.4,Urban,Humanities,No,70.4,Pass
343,17,0.7,6.2,93.0,40.8,Urban,Management,Yes,43.5,Pass
344,20,0.8,7.4,91.5,30.4,Urban,Science,Yes,38.0,Fail
345,17,2.0,6.8,92.9,28.9,Urban,Education,No,48.3,Pass
346,18,5.2,5.8,88.5,47.6,Urban,Management,No,49.7,Pass
347,20,1.2,7.2,74.6,,Urban,Science,Yes,50.9,Pass
348,23,10.3,5.6,78.0,45.5,Rural,Education,No,65.0,Pass
349,22,6.4,5.5,100.0,17.2,Semi-urban,Management,Yes,83.2,Pass
350,18,8.2,5.3,77.8,54.4,Semi-urban,Science,No,56.1,Pass
351,18,3.8,5.5,75.6,62.5,Urban,Science,Yes,64.0,Pass
352,18,3.3,5.5,78.9,48.5,Urban,Humanities,Yes,45.2,Pass
353,24,4.2,6.8,77.6,72.4,Urban,Management,Yes,53.1,Pass
354,22,0.8,9.6,77.2,53.0,Rural,Science,No,39.2,Fail
355,24,4.1,7.0,86.4,18.2,Urban,Management,No,39.2,Fail
356,18,4.0,8.8,76.1,21.9,Semi-urban,Humanities,No,52.9,Pass
357,22,1.9,,99.4,36.1,Semi-urban,Science,No,50.8,Pass
358,18,4.8,,98.9,124.2,Rural,Science,Yes,73.4,Pass
359,23,2.8,6.4,77.2,33.3,Rural,Management,No,51.6,Pass
360,23,3.0,5.6,82.5,67.6,Urban,Humanities,Yes,50.9,Pass
361,23,4.3,7.1,97.1,24.0,Rural,Science,No,56.3,Pass
362,20,1.9,7.6,61.2,27.6,Rural,Management,No,27.1,Fail
363,21,3.3,5.1,78.2,74.4,Urban,Humanities,Yes,45.8,Pass
364,17,5.8,6.4,89.0,104.4,Semi-urban,Science,Yes,77.0,Pass
365,20,1.6,6.3,92.3,32.7,Urban,Management,Yes,43.8,Pass
366,18,0.5,7.6,77.7,97.0,Semi-urban,Science,,41.3,Pass
367,21,6.1,6.3,95.8,36.7,Rural,Humanities,No,56.2,Pass
368,23,1.7,8.1,90.2,22.2,Urban,Science,No,38.8,Fail
369,20,3.2,6.3,83.3,31.9,Rural,Science,No,41.9,Pass
370,21,3.5,6.0,91.0,52.2,Semi-urban,Science,No,50.0,Pass
371,20,4.9,6.9,76.9,53.3,Rural,Management,No,52.8,Pass
372,17,6.5,5.5,70.9,20.1,Semi-urban,Management,No,49.8,Pass
373,23,16.0,8.0,80.3,64.7,Semi-urban,Science,Yes,56.9,Pass
374,17,11.5,5.3,73.8,73.7,Semi-urban,Education,Yes,82.4,Pass
375,24,1.1,6.3,69.4,60.8,Urban,Management,Yes,42.1,Pass
376,17,2.8,5.4,82.8,,Urban,Management,Yes,50.6,Pass
377,18,2.4,7.9,100.0,28.9,Rural,Management,No,50.1,Pass
378,24,,8.0,88.7,58.7,Urban,Management,No,66.1,Pass
379,18,4.0,7.7,81.4,23.3,Semi-urban,Science,Yes,70.0,Pass
380,22,4.3,7.0,86.7,25.4,Urban,Humanities,No,59.1,Pass
381,20,3.5,7.7,81.4,82.8,Urban,Humanities,Yes,56.8,Pass
382,22,1.7,7.3,80.9,66.2,Rural,Management,No,42.9,Pass
383,24,1.1,6.2,100.0,69.4,Rural,Science,No,40.1,Pass
384,23,,,85.8,60.9,Urban,Humanities,Yes,53.4,Pass
385,19,7.9,7.3,,20.1,Semi-urban,Management,No,66.3,Pass
386,24,8.9,7.9,94.7,22.7,Rural,Science,Yes,82.8,Pass
387,18,1.6,6.4,82.0,29.1,Rural,Management,No,24.9,Fail
388,19,2.6,7.7,93.3,174.1,Semi-urban,Humanities,Yes,40.4,Pass
389,20,2.4,8.3,85.3,31.5,Urban,Humanities,Yes,45.9,Pass
390,17,1.4,5.5,71.7,42.1,,Management,Yes,47.4,Pass
391,19,2.6,6.8,77.5,,Urban,Education,Yes,59.7,Pass
392,17,5.5,10.0,78.8,29.3,Rural,Management,Yes,68.6,Pass
393,22,1.6,,100.0,13.6,Semi-urban,Management,No,52.2,Pass
394,20,3.2,5.7,75.6,41.8,Urban,Education,Yes,48.8,Pass
395,17,0.9,6.9,65.8,17.1,Semi-urban,Humanities,No,23.5,Fail
396,23,4.1,6.8,84.0,13.8,Urban,Management,No,55.2,Pass
397,19,4.3,7.3,75.1,80.4,Urban,Management,Yes,50.1,Pass
398,20,4.0,5.1,73.2,24.6,Semi-urban,Education,No,40.3,Pass
399,18,10.0,8.3,93.9,104.3,Semi-urban,Science,Yes,94.7,Pass
400,21,2.5,5.8,89.1,62.1,Rural,Management,Yes,54.9,Pass
401,22,6.9,6.5,81.8,69.7,Urban,Management,No,69.2,Pass
402,24,2.8,8.5,68.8,20.4,Rural,Science,No,40.3,Pass
403,24,3.3,6.4,94.0,40.9,Urban,Management,Yes,62.5,Pass
404,23,0.7,7.0,71.2,20.4,Semi-urban,Humanities,No,43.1,Pass
405,19,1.2,6.9,89.6,40.2,,Humanities,Yes,31.4,Fail
406,24,5.0,7.3,,23.3,Urban,Management,No,55.5,Pass
407,22,2.5,6.4,89.6,61.4,Urban,Humanities,Yes,64.1,Pass
408,17,6.3,5.4,95.6,19.4,Semi-urban,Science,No,64.0,Pass
409,23,5.3,7.1,85.0,45.5,Urban,Humanities,Yes,63.8,Pass
410,19,1.5,5.0,84.4,57.7,Semi-urban,Management,Yes,37.7,Fail
411,21,1.3,7.6,70.1,,Semi-urban,Education,No,35.0,Fail
412,17,2.4,7.3,78.4,46.1,Urban,Management,No,52.1,Pass
413,24,4.6,4.8,92.5,87.4,Semi-urban,Management,No,48.3,Pass
414,22,2.0,,66.7,65.8,Semi-urban,Education,Yes,51.9,Pass
415,20,4.4,8.9,100.0,22.7,Rural,Education,No,65.2,Pass
416,23,12.0,6.1,87.8,47.4,Urban,Science,No,80.4,Pass
417,20,2.2,6.7,71.0,42.2,Urban,Management,Yes,54.8,Pass
418,19,5.1,7.9,68.6,52.7,Urban,Science,Yes,66.1,Pass
419,19,10.2,5.9,82.3,44.0,Urban,Education,Yes,82.9,Pass
420,19,3.5,5.9,94.6,14.7,Urban,Management,No,48.4,Pass
421,21,0.3,8.2,54.2,52.4,Semi-urban,Management,No,26.8,Fail
422,20,4.9,7.3,,58.1,Semi-urban,Science,,56.6,Pass
423,20,5.1,7.2,76.8,,Urban,Management,No,50.9,Pass
424,24,8.6,7.4,86.8,56.4,Urban,Management,Yes,83.0,Pass
425,20,4.4,5.8,92.8,66.1,Urban,Management,Yes,66.2,Pass
426,19,2.3,8.2,74.4,43.7,Rural,Humanities,Yes,52.1,Pass
427,24,5.6,,,19.2,Urban,Management,No,56.5,Pass
428,19,12.4,7.2,83.9,31.1,Urban,Humanities,Yes,100.0,Pass
429,21,2.7,,76.6,,Rural,Management,Yes,54.5,Pass
430,20,6.1,8.3,97.9,24.7,Urban,Management,No,69.6,Pass
431,19,1.6,5.6,92.5,8.9,Urban,Science,No,48.7,Pass
432,19,1.4,8.5,74.1,29.9,Urban,Management,Yes,49.4,Pass
433,24,7.1,5.6,,30.1,Urban,Humanities,No,65.8,Pass
434,24,7.3,7.2,88.0,51.8,Urban,Humanities,Yes,80.9,Pass
435,21,2.7,7.1,76.7,30.9,Urban,Humanities,No,33.0,Fail
436,21,3.6,5.1,77.7,53.1,Urban,Humanities,Yes,51.1,Pass
437,24,3.9,7.7,89.8,79.7,Urban,Science,No,57.2,Pass
438,23,3.1,6.4,72.9,40.1,Semi-urban,Humanities,No,48.2,Pass
439,24,2.9,7.4,92.1,13.8,Urban,Management,No,50.8,Pass
440,19,2.6,7.8,89.6,63.1,Urban,Education,Yes,48.9,Pass
441,23,3.3,6.1,88.7,74.3,Urban,Management,Yes,65.6,Pass
442,22,4.6,7.6,69.8,34.0,Semi-urban,Science,Yes,48.1,Pass
443,18,4.6,10.0,70.3,15.0,Semi-urban,Science,Yes,52.8,Pass
444,21,5.7,6.5,83.5,28.6,Semi-urban,Education,Yes,56.2,Pass
445,23,7.0,9.2,74.5,79.6,Rural,Humanities,No,65.8,Pass
446,24,1.0,6.7,74.1,31.5,,Science,No,43.3,Pass
447,21,1.2,7.0,100.0,96.9,Urban,Management,Yes,43.4,Pass
448,18,5.0,6.1,82.9,,Semi-urban,Education,Yes,53.0,Pass
449,19,6.0,7.3,76.8,,Rural,Science,No,62.1,Pass
450,20,1.4,,78.3,,Rural,Management,No,41.5,Pass
451,17,9.3,8.7,84.3,,Semi-urban,Humanities,Yes,92.6,Pass
452,20,4.7,5.8,100.0,,Semi-urban,Management,No,59.3,Pass
453,24,2.5,8.0,99.6,21.9,Rural,Science,No,50.5,Pass
454,19,6.0,9.0,77.6,,Rural,Humanities,Yes,65.6,Pass
455,22,2.8,5.9,76.4,33.1,Rural,Management,No,56.6,Pass
456,18,2.1,5.4,100.0,180.7,Urban,Education,No,54.6,Pass
457,20,3.3,8.3,79.5,15.1,Semi-urban,Management,No,49.1,Pass
458,23,0.4,6.9,85.8,78.2,Rural,Education,Yes,40.5,Pass
459,22,2.5,5.6,94.8,53.6,Urban,Science,Yes,46.2,Pass
460,21,2.5,5.0,82.9,24.7,Rural,Humanities,Yes,44.3,Pass
461,23,2.6,6.5,74.0,33.0,Rural,Science,No,33.0,Fail
462,22,4.8,7.4,89.5,37.7,Rural,Science,Yes,65.1,Pass
463,20,1.5,7.0,92.1,,Rural,Humanities,Yes,32.1,Fail
464,18,7.0,5.8,68.3,30.0,Semi-urban,Education,Yes,43.4,Pass
465,19,2.1,,75.0,14.4,Urban,Management,No,41.5,Pass
466,18,0.2,8.2,70.5,50.1,Semi-urban,Management,Yes,44.6,Pass
467,23,1.8,7.3,75.5,103.8,Rural,Management,Yes,49.1,Pass
468,22,2.8,5.7,71.4,32.2,Semi-urban,Humanities,No,41.2,Pass
469,22,7.7,7.1,75.6,54.6,Semi-urban,Humanities,No,67.1,Pass
470,17,3.0,6.5,100.0,114.4,Rural,Humanities,Yes,45.3,Pass
471,18,0.9,9.0,81.1,52.8,Rural,Humanities,No,25.3,Fail
472,19,1.9,7.8,,21.6,Semi-urban,Education,Yes,48.9,Pass
473,21,4.7,6.7,,18.2,Rural,Management,Yes,53.0,Pass
474,19,4.6,6.1,92.8,13.0,Semi-urban,Management,No,63.6,Pass
475,19,5.6,7.3,88.2,63.8,Rural,Management,,64.9,Pass
476,18,2.0,4.7,83.6,39.4,Rural,Management,Yes,36.3,Fail
477,24,3.7,,77.8,37.3,Rural,Humanities,Yes,39.4,Fail
478,17,1.2,7.8,70.3,43.5,Semi-urban,Science,No,32.8,Fail
479,24,1.9,7.0,89.0,46.7,,Science,Yes,57.9,Pass
480,20,1.0,7.4,61.1,96.0,Semi-urban,Education,Yes,36.0,Fail
481,21,2.2,6.7,88.7,,Semi-urban,Science,Yes,49.5,Pass
482,18,3.7,7.0,65.0,19.3,Urban,Education,No,38.2,Fail
483,19,16.0,6.6,96.1,22.7,Urban,Science,No,67.9,Pass
484,21,1.5,7.7,,12.7,Semi-urban,Management,No,28.8,Fail
485,21,0.6,4.9,96.7,21.6,Urban,Humanities,No,30.6,Fail
486,23,0.7,9.0,68.1,18.1,Semi-urban,Management,No,25.5,Fail
487,19,4.2,6.6,90.9,,Urban,Management,No,64.2,Pass
488,18,2.6,9.1,99.5,81.3,Urban,Management,No,51.8,Pass
489,20,9.9,7.3,89.2,,Urban,Science,No,84.7,Pass
490,23,3.3,7.5,74.4,44.2,Semi-urban,Science,Yes,54.7,Pass
491,19,3.7,5.7,96.1,47.5,Urban,Humanities,Yes,65.8,Pass
492,21,14.0,,,27.4,Urban,Education,No,85.2,Pass
493,21,3.8,,79.3,33.7,,Humanities,No,50.2,Pass
494,24,3.3,7.5,90.4,13.6,Rural,Management,No,54.0,Pass
495,17,2.2,7.7,79.6,31.9,Rural,Science,No,49.9,Pass
496,22,6.2,7.1,80.6,47.0,Urban,Management,Yes,73.8,Pass
497,24,1.7,6.7,,64.0,Rural,Science,Yes,45.0,Pass
498,18,4.3,7.5,79.5,42.7,Urban,Humanities,Yes,46.1,Pass
499,21,,7.5,100.0,22.5,Semi-urban,Science,No,60.4,Pass
500,19,2.1,7.5,99.4,47.6,Urban,Humanities,No,39.8,Fail
501,21,3.9,7.4,91.4,13.2,Urban,Education,,67.8,Pass
502,19,3.0,8.0,80.3,,Urban,Management,Yes,59.0,Pass
503,22,2.3,,81.2,48.5,Urban,Humanities,No,42.2,Pass
504,17,0.8,8.3,78.7,33.0,Rural,Management,Yes,39.9,Fail
505,21,3.5,6.5,64.1,110.7,Rural,Science,Yes,44.5,Pass
506,24,2.9,6.5,86.7,,Semi-urban,Management,Yes,44.1,Pass
507,20,6.0,5.0,81.1,30.9,Semi-urban,Science,No,67.0,Pass
508,19,1.7,8.0,,53.0,Semi-urban,Education,Yes,46.7,Pass
509,18,,8.2,95.8,41.2,Semi-urban,Management,Yes,62.2,Pass
510,19,6.2,5.7,70.6,35.1,Urban,Management,Yes,71.4,Pass
511,17,1.5,5.8,70.8,22.9,Rural,Humanities,Yes,26.9,Fail
512,23,5.5,6.3,74.6,,Rural,Management,Yes,51.0,Pass
513,24,1.9,6.3,80.9,36.6,Urban,Science,Yes,45.3,Pass
514,23,3.5,5.9,76.5,,Urban,Management,No,56.6,Pass
515,24,4.8,6.4,65.8,112.5,Urban,Humanities,Yes,61.8,Pass
516,22,5.1,8.4,85.5,56.8,Rural,Science,,60.4,Pass
517,21,1.8,6.9,77.0,48.4,Rural,Management,No,39.4,Fail
518,19,3.6,5.6,98.9,90.8,Urban,Education,No,54.6,Pass
519,17,1.6,6.8,94.8,46.5,Rural,Humanities,No,32.6,Fail
520,18,6.3,7.2,92.4,53.9,Semi-urban,Management,Yes,59.3,Pass
521,17,2.2,4.3,78.5,35.2,Semi-urban,Management,,52.0,Pass
522,18,2.3,5.9,77.8,39.3,Rural,Management,No,42.7,Pass
523,18,1.9,,76.7,24.1,,Education,No,44.6,Pass
524,21,6.3,6.0,79.2,44.3,Semi-urban,Science,No,62.9,Pass
525,21,2.2,4.9,91.0,19.6,Urban,Education,Yes,68.5,Pass
526,18,2.1,,77.2,47.3,Urban,Science,Yes,59.1,Pass
527,23,2.2,8.1,86.9,19.3,Semi-urban,Science,No,44.7,Pass
528,22,4.7,7.0,89.7,28.9,Semi-urban,Management,Yes,67.3,Pass
529,22,2.5,,74.9,33.7,Semi-urban,Education,No,39.6,Fail
530,21,3.7,8.6,87.5,16.3,Urban,Science,No,51.3,Pass
531,20,,7.9,89.1,49.1,,Management,No,39.9,Fail
532,23,1.6,5.4,80.4,50.1,Urban,Humanities,No,43.0,Pass
533,18,4.9,8.3,79.5,,Rural,Science,Yes,56.9,Pass
534,19,2.6,7.6,70.9,56.0,Semi-urban,Humanities,No,36.7,Fail
535,22,,6.0,65.2,32.7,Rural,Management,No,53.3,Pass
536,21,2.8,6.9,90.4,32.3,Urban,Science,No,50.1,Pass
537,22,2.1,5.1,78.8,51.9,Rural,Humanities,Yes,34.6,Fail
538,24,3.7,5.2,82.2,28.7,Rural,Science,No,44.8,Pass
539,22,3.5,9.0,92.8,36.3,Rural,Management,No,42.6,Pass
540,21,4.1,7.7,67.6,43.7,Urban,Education,Yes,61.1,Pass
541,24,5.0,6.3,78.3,19.9,Urban,Management,No,66.2,Pass
542,19,1.2,5.9,82.2,40.6,Rural,Science,Yes,47.8,Pass
543,22,0.7,7.6,100.0,31.9,Rural,Science,Yes,46.5,Pass
544,18,5.1,5.9,92.8,30.4,Rural,Management,No,52.6,Pass
545,18,3.2,6.0,65.9,,Semi-urban,Management,No,42.5,Pass
546,22,2.0,5.8,74.4,,Semi-urban,Science,No,31.4,Fail
547,17,2.4,9.6,84.0,,Rural,Science,Yes,44.7,Pass
548,19,3.4,7.0,72.8,32.0,Urban,Education,No,48.9,Pass
549,22,,5.0,76.5,23.5,Semi-urban,Management,No,35.2,Fail
550,18,5.5,7.3,66.2,44.8,Semi-urban,Education,Yes,65.1,Pass
551,19,,9.3,88.2,45.7,Urban,Humanities,No,54.7,Pass
552,17,1.4,5.3,90.6,32.6,Urban,Humanities,Yes,41.8,Pass
553,23,10.0,,86.0,,Rural,Science,No,73.1,Pass
554,19,5.7,8.1,85.0,,Urban,Science,Yes,71.5,Pass
555,22,2.6,3.9,80.4,35.4,Rural,Management,No,28.8,Fail
556,20,5.1,5.9,80.1,23.8,Semi-urban,Management,Yes,66.0,Pass
557,21,2.3,,85.6,24.4,Semi-urban,Management,No,46.0,Pass
558,17,6.0,6.5,50.0,72.7,Semi-urban,Management,Yes,57.0,Pass
559,19,4.0,5.6,87.0,35.4,Rural,Science,Yes,58.5,Pass
560,20,,7.1,100.0,113.8,Urban,Science,Yes,65.0,Pass
561,20,6.9,5.9,62.4,50.2,Urban,Science,Yes,70.2,Pass
562,22,9.0,6.9,87.6,26.9,Urban,Management,Yes,66.9,Pass
563,17,1.4,5.9,63.8,57.1,Urban,Management,Yes,57.2,Pass
564,19,11.8,7.7,92.7,26.6,Semi-urban,Management,No,78.3,Pass
565,18,9.9,4.8,80.2,19.4,Rural,Management,No,68.3,Pass
566,23,5.8,7.1,73.6,52.2,Urban,Science,No,48.1,Pass
567,20,3.7,7.2,,52.8,Urban,Science,Yes,64.0,Pass
568,17,5.7,5.6,81.3,35.7,Semi-urban,Science,Yes,71.6,Pass
569,21,1.5,6.5,89.3,98.4,,Humanities,Yes,39.9,Fail
570,22,5.4,7.1,71.8,14.1,Rural,Humanities,No,48.5,Pass
571,24,2.8,5.2,93.4,,Urban,Science,Yes,46.5,Pass
572,23,3.8,6.8,88.4,23.1,Semi-urban,Humanities,Yes,59.5,Pass
573,18,2.0,6.8,92.7,27.5,Semi-urban,Education,Yes,56.4,Pass
574,17,1.6,10.0,48.9,14.8,Urban,Science,No,32.3,Fail
575,24,4.1,4.5,71.8,27.7,Urban,Education,No,47.8,Pass
576,18,,7.5,76.0,51.9,Urban,Science,Yes,58.3,Pass
577,23,5.2,7.2,87.4,69.7,Urban,Science,Yes,75.5,Pass
578,24,2.4,8.7,72.0,,Rural,Science,No,39.7,Fail
579,18,2.0,7.3,78.3,19.7,Semi-urban,Science,Yes,46.8,Pass
580,22,2.1,5.8,83.5,,Rural,Management,Yes,39.3,Fail
581,22,6.0,8.3,78.4,8.4,Semi-urban,Management,No,51.3,Pass
582,21,1.9,7.8,,,Rural,Science,Yes,46.4,Pass
583,22,3.7,6.3,100.0,34.6,Urban,Humanities,No,53.4,Pass
584,19,8.9,7.5,80.7,61.8,Urban,Management,Yes,92.2,Pass
585,24,0.5,6.6,59.1,68.6,Urban,Humanities,Yes,35.1,Fail
586,21,1.5,6.1,66.9,29.4,Urban,Science,No,37.7,Fail
587,21,3.2,5.2,70.1,31.3,Semi-urban,Humanities,Yes,42.3,Pass
588,18,14.0,6.2,93.5,32.1,Urban,Science,No,88.7,Pass
589,20,8.0,6.4,70.4,30.4,Rural,Management,No,58.3,Pass
590,24,4.7,6.9,86.2,41.2,Urban,Humanities,Yes,66.4,Pass
591,24,,,,28.2,Urban,Management,No,46.9,Pass
592,23,6.8,6.6,94.7,33.3,Rural,Education,No,53.6,Pass
593,20,3.4,8.7,76.5,24.9,Urban,Management,Yes,53.6,Pass
594,21,2.1,,100.0,87.4,Urban,Education,Yes,52.3,Pass
595,18,1.6,7.7,,40.0,Urban,Science,Yes,45.6,Pass
596,18,1.7,7.9,63.4,92.3,Urban,Science,Yes,56.7,Pass
597,22,0.6,6.9,79.4,187.5,Urban,Humanities,Yes,43.1,Pass
598,22,4.4,4.5,89.1,45.7,Urban,Science,Yes,57.0,Pass
599,20,6.4,7.1,80.4,77.4,Urban,Management,Yes,79.3,Pass
600,21,3.9,6.3,67.0,27.5,Semi-urban,Education,Yes,43.6,Pass
601,24,4.1,5.7,93.1,48.1,Rural,Education,No,41.8,Pass
602,18,1.2,6.7,94.5,14.9,Semi-urban,Humanities,No,46.6,Pass
603,18,3.4,7.0,87.7,42.9,Urban,Science,No,52.8,Pass
604,17,3.8,7.1,89.0,36.9,Rural,Education,Yes,46.6,Pass
605,19,3.6,4.3,90.1,27.9,Rural,Science,No,49.7,Pass
606,21,7.2,7.8,82.8,99.6,Urban,Science,Yes,75.2,Pass
607,19,3.2,7.2,99.7,35.5,Urban,Education,Yes,67.9,Pass
608,18,6.5,,91.2,66.4,Semi-urban,Management,Yes,68.1,Pass
609,23,1.3,6.2,83.7,46.2,Semi-urban,Humanities,Yes,48.5,Pass
610,20,3.0,7.1,66.8,22.3,Semi-urban,Science,No,52.0,Pass
611,24,1.7,5.5,83.7,32.0,Urban,Science,No,36.0,Fail
612,21,4.4,4.3,100.0,9.8,Urban,Management,No,62.7,Pass
613,18,1.2,8.0,74.5,68.6,Urban,Management,Yes,49.0,Pass
614,18,8.9,7.8,72.1,70.1,Urban,Science,Yes,71.1,Pass
615,21,1.2,7.0,86.4,97.7,Rural,Science,Yes,34.8,Fail
616,21,5.2,6.5,67.7,63.8,Rural,Education,Yes,55.1,Pass
617,23,3.8,6.7,81.7,26.7,Urban,Science,Yes,45.6,Pass
618,24,4.3,9.1,93.0,,Urban,Management,Yes,52.1,Pass
619,20,1.8,5.2,67.5,31.5,Rural,Science,No,24.2,Fail
620,24,1.2,7.2,93.6,40.5,Urban,Education,Yes,58.6,Pass
621,17,2.0,7.2,79.2,48.5,Urban,Management,Yes,44.0,Pass
622,20,1.5,5.7,73.0,59.7,Urban,Management,Yes,49.6,Pass
623,24,5.1,7.0,99.7,82.5,Semi-urban,Humanities,Yes,53.2,Pass
624,20,0.8,7.2,69.7,157.7,Urban,Science,Yes,58.4,Pass
625,20,0.7,8.1,84.7,66.6,Urban,Science,Yes,50.6,Pass
626,21,5.7,5.8,93.8,21.4,,Management,Yes,63.7,Pass
627,23,2.8,7.3,88.6,13.3,Semi-urban,Management,No,43.7,Pass
628,23,1.8,10.0,83.3,55.4,Rural,Science,Yes,44.3,Pass
629,21,2.8,8.3,89.5,12.8,Semi-urban,Humanities,No,44.1,Pass
630,22,5.6,7.9,70.7,62.7,Semi-urban,Management,Yes,73.2,Pass
631,17,13.8,8.6,91.6,28.0,Urban,Management,Yes,100.0,Pass
632,20,0.7,6.5,89.2,71.6,Semi-urban,Education,Yes,54.7,Pass
633,21,3.5,7.2,75.0,144.6,Rural,Education,Yes,43.2,Pass
634,22,7.4,6.8,100.0,25.8,Rural,Humanities,Yes,66.7,Pass
635,19,3.0,6.6,100.0,,Semi-urban,Humanities,Yes,49.5,Pass
636,24,4.1,5.1,63.0,52.6,Urban,Management,Yes,56.4,Pass
637,21,3.3,,81.8,51.3,Urban,Science,No,59.9,Pass
638,21,2.0,8.6,80.2,10.3,Semi-urban,Management,Yes,65.6,Pass
639,17,4.7,7.3,71.4,10.3,Urban,Management,,52.6,Pass
640,21,9.4,6.7,78.2,38.9,Urban,Science,Yes,73.7,Pass
641,17,14.0,7.2,79.3,17.7,Semi-urban,Management,Yes,100.0,Pass
642,23,0.6,5.3,92.9,13.6,Urban,Education,No,36.8,Fail
643,20,5.2,7.1,88.4,54.2,Rural,Education,Yes,65.0,Pass
644,21,3.2,8.0,76.5,43.1,Semi-urban,Science,Yes,58.4,Pass
645,22,2.7,7.8,83.4,18.1,Semi-urban,Management,No,42.1,Pass
646,19,1.7,5.9,78.0,25.1,Rural,Science,No,29.5,Fail
647,22,4.6,6.2,63.9,49.2,Semi-urban,Management,Yes,57.9,Pass
648,23,7.1,6.9,84.9,,Rural,Science,No,68.8,Pass
649,21,2.2,7.5,97.6,15.7,Urban,Education,No,55.7,Pass
650,21,5.0,6.6,84.8,,Urban,Management,No,66.2,Pass
651,22,1.4,7.7,96.9,33.3,Semi-urban,Science,Yes,48.0,Pass
652,22,5.6,6.6,100.0,45.5,Urban,Science,No,58.7,Pass
653,22,,6.2,67.6,23.8,Semi-urban,Science,No,52.1,Pass
654,23,1.8,7.5,83.4,34.4,Rural,Science,Yes,45.1,Pass
655,18,6.0,5.8,72.8,44.9,Semi-urban,Science,No,57.8,Pass
656,23,1.9,6.4,75.7,50.0,Semi-urban,Science,Yes,48.5,Pass
657,18,12.1,7.6,70.9,14.0,Urban,Management,No,97.4,Pass
658,18,13.8,6.5,80.9,16.2,Semi-urban,Science,Yes,89.7,Pass
659,21,4.0,5.5,92.7,19.2,Rural,Management,No,40.7,Pass
660,20,7.3,4.6,85.2,29.1,Rural,Management,Yes,64.1,Pass
661,23,0.8,5.0,72.4,14.9,Semi-urban,Management,Yes,27.3,Fail
662,22,6.2,4.9,68.7,31.7,Rural,Management,Yes,60.1,Pass
663,19,9.1,6.4,77.0,43.1,Rural,Science,No,70.1,Pass
664,24,3.9,6.8,88.0,29.9,Rural,Science,No,56.8,Pass
665,23,1.9,5.1,75.3,34.5,Urban,Science,No,37.8,Fail
666,21,4.1,10.0,82.5,204.5,Rural,Science,Yes,58.7,Pass
667,20,6.8,7.8,71.5,48.1,Semi-urban,Management,Yes,54.7,Pass
668,21,6.1,7.9,98.0,63.4,Urban,Management,Yes,74.5,Pass
669,17,2.8,7.3,79.7,32.1,Urban,Education,Yes,56.6,Pass
670,20,0.9,,87.3,29.9,Urban,Management,,41.4,Pass
671,18,3.7,4.9,80.2,42.5,Urban,Humanities,No,47.0,Pass
672,19,1.3,5.5,68.8,,Rural,Humanities,Yes,28.2,Fail
673,19,2.4,6.0,98.7,45.6,Urban,Management,No,50.9,Pass
674,23,5.3,6.1,67.8,,Urban,Management,Yes,58.7,Pass
675,23,4.5,,98.3,24.7,Urban,Management,No,67.1,Pass
676,18,10.2,5.3,91.1,57.5,Rural,Humanities,,82.9,Pass
677,17,1.9,6.4,80.9,83.4,Rural,Education,No,39.3,Fail
678,19,10.7,7.5,,,Semi-urban,Science,Yes,83.1,Pass
679,18,0.9,5.0,100.0,49.2,Urban,Management,No,40.0,Pass
680,18,0.8,6.3,82.9,65.8,Rural,Science,Yes,40.6,Pass
681,19,4.7,6.6,66.3,,Urban,Science,Yes,65.6,Pass
682,18,11.8,6.6,87.0,29.9,Urban,Science,No,91.7,Pass
683,24,3.4,4.6,96.1,39.9,Rural,Science,Yes,63.3,Pass
684,19,2.0,8.9,75.0,160.6,Urban,Education,Yes,54.1,Pass
685,22,1.9,5.5,75.5,24.9,Semi-urban,Management,Yes,45.7,Pass
686,21,1.9,,75.2,21.1,Rural,Humanities,No,32.6,Fail
687,19,1.5,5.9,60.5,56.5,Rural,Management,No,23.5,Fail
688,19,3.5,8.2,88.5,,Urban,Management,No,52.6,Pass
689,22,6.4,6.3,62.5,37.5,Rural,Management,No,56.4,Pass
690,17,6.1,6.4,76.6,113.0,Urban,Humanities,Yes,55.7,Pass
691,21,3.9,6.0,71.0,35.4,Rural,Science,No,46.4,Pass
692,22,7.2,6.2,89.2,,Urban,Management,Yes,75.7,Pass
693,23,6.7,8.1,82.5,28.6,Semi-urban,Management,No,67.5,Pass
694,21,4.3,7.0,83.0,31.9,Urban,Management,No,39.7,Fail
695,17,3.3,,82.8,,Semi-urban,Humanities,Yes,60.2,Pass
696,19,2.6,,70.7,29.1,Rural,Education,Yes,23.8,Fail
697,24,6.1,6.4,75.8,55.6,,Science,Yes,69.4,Pass
698,17,2.9,7.4,90.1,39.7,Semi-urban,Humanities,No,49.2,Pass
699,24,3.2,7.1,75.3,41.9,Semi-urban,Management,Yes,65.4,Pass
700,17,5.1,,83.8,43.9,Rural,Education,Yes,56.6,Pass
701,20,4.1,5.5,73.5,37.9,Semi-urban,Science,No,56.1,Pass
702,23,0.4,7.5,82.0,24.6,Rural,Humanities,No,18.7,Fail
703,22,5.0,7.0,75.5,41.7,Semi-urban,Science,Yes,54.1,Pass
704,24,0.7,4.8,67.1,22.2,Urban,Management,No,28.8,Fail
705,18,,6.6,92.0,48.8,Semi-urban,Management,No,54.1,Pass
706,22,2.3,5.9,79.3,29.2,Urban,Science,Yes,64.0,Pass
707,19,3.2,9.3,76.6,,Urban,Management,No,52.2,Pass
708,20,1.5,,79.5,55.8,Rural,Science,Yes,37.4,Fail
709,22,2.8,7.3,85.1,28.6,Urban,Science,Yes,57.1,Pass
710,24,5.4,6.3,84.0,34.8,Rural,Management,Yes,53.3,Pass
711,17,,5.2,100.0,76.5,Rural,Humanities,Yes,39.3,Fail
712,21,1.3,7.8,63.4,14.9,Urban,Humanities,No,42.6,Pass
713,23,2.6,6.8,62.3,5.1,Urban,Management,No,33.4,Fail
714,19,,8.6,84.3,45.7,Semi-urban,Humanities,Yes,62.3,Pass
715,19,3.5,7.7,85.8,15.1,Urban,Management,No,54.7,Pass
716,24,,4.9,97.1,26.1,Urban,Management,No,61.2,Pass
717,22,2.9,,70.6,27.1,Semi-urban,Humanities,No,37.9,Fail
718,18,5.6,7.2,64.1,54.8,Urban,Management,Yes,57.5,Pass
719,19,6.4,6.5,,,Semi-urban,Management,No,53.7,Pass
720,20,6.4,6.5,76.7,39.4,Urban,Management,No,65.6,Pass
721,22,4.0,6.2,64.4,58.8,Semi-urban,Management,No,57.5,Pass
722,23,4.5,5.8,81.4,18.4,Semi-urban,Science,No,55.7,Pass
723,22,3.9,8.6,84.5,18.9,Urban,Humanities,No,49.5,Pass
724,22,8.1,6.9,84.1,11.0,Urban,Science,No,76.8,Pass
725,19,2.0,7.5,71.9,46.0,,Science,Yes,52.5,Pass
726,19,10.2,6.1,78.9,,Rural,Management,No,64.7,Pass
727,18,3.5,7.5,64.8,34.8,Urban,Education,No,45.9,Pass
728,20,4.7,7.7,78.7,28.9,Rural,Science,Yes,67.4,Pass
729,19,4.7,6.2,93.7,67.4,Urban,Management,No,53.3,Pass
730,24,3.3,7.2,96.0,37.1,Urban,Science,Yes,59.6,Pass
731,22,4.9,6.4,65.7,32.5,Urban,Science,No,50.7,Pass
732,20,8.3,7.8,100.0,71.1,Rural,Science,No,75.6,Pass
733,20,3.7,8.2,84.9,89.0,Rural,Management,Yes,51.9,Pass
734,22,3.1,8.4,,49.4,Semi-urban,Management,No,50.0,Pass
735,17,,6.8,88.9,34.1,Semi-urban,Science,No,52.2,Pass
736,18,7.0,6.9,82.2,18.8,Rural,Management,No,68.2,Pass
737,18,4.0,6.3,83.6,34.1,Rural,Humanities,Yes,55.2,Pass
738,23,4.7,8.5,75.7,37.3,Semi-urban,Management,No,47.3,Pass
739,19,2.7,6.9,100.0,39.7,Urban,Management,No,60.6,Pass
740,21,4.8,6.5,72.3,66.0,Rural,Science,No,35.1,Fail
741,20,4.5,8.2,94.4,24.3,Semi-urban,Science,No,65.5,Pass
742,17,7.3,5.7,87.1,18.9,Semi-urban,Education,No,68.1,Pass
743,22,5.4,6.9,67.7,42.7,Rural,Humanities,No,39.8,Fail
744,21,1.7,7.3,90.8,34.8,Rural,Science,No,38.7,Fail
745,20,1.0,7.4,62.0,43.4,Urban,Humanities,Yes,40.5,Pass
746,19,2.8,6.1,80.9,63.7,Urban,Science,Yes,45.8,Pass
747,21,4.9,6.5,89.5,81.9,Semi-urban,Education,Yes,62.9,Pass
748,24,3.7,7.2,85.0,32.2,Semi-urban,Science,No,48.9,Pass
749,17,0.3,8.3,80.0,950.0,Urban,Science,No,41.3,Pass
750,21,5.1,10.0,86.5,,Urban,Science,Yes,56.0,Pass
751,24,1.7,8.5,69.1,67.3,Rural,Humanities,Yes,37.4,Fail
752,22,4.4,6.3,80.5,29.2,Urban,Science,Yes,59.4,Pass
753,21,1.8,7.2,76.6,30.3,Semi-urban,Management,No,32.6,Fail
754,24,10.9,6.4,74.9,46.3,Urban,Management,No,81.0,Pass
755,23,,8.3,78.4,27.9,Semi-urban,Management,No,48.5,Pass
756,17,5.7,6.7,100.0,41.7,Rural,Science,Yes,72.0,Pass
757,19,9.1,5.9,83.7,62.9,Urban,Management,No,82.8,Pass
758,22,0.8,7.8,72.9,24.2,Semi-urban,Management,Yes,47.3,Pass
759,19,2.9,5.7,69.7,205.1,Urban,Humanities,Yes,45.0,Pass
760,18,7.3,7.2,70.2,6.4,Semi-urban,Science,No,47.4,Pass
761,20,6.1,6.9,78.8,,Semi-urban,Management,Yes,71.5,Pass
762,21,9.6,6.1,78.2,26.3,Urban,Humanities,Yes,92.2,Pass
763,17,2.3,7.1,80.2,29.7,Urban,Education,Yes,49.6,Pass
764,21,3.1,6.0,62.9,46.1,Urban,Science,Yes,47.3,Pass
765,22,8.4,7.7,71.1,38.6,Semi-urban,Management,Yes,67.8,Pass
766,17,2.3,5.2,89.2,47.4,Urban,Science,No,43.9,Pass
767,20,1.4,7.9,82.9,38.6,Urban,Management,,39.8,Fail
768,20,4.3,9.3,78.6,22.3,Semi-urban,Management,No,45.9,Pass
769,24,6.0,,84.1,17.4,Rural,Management,No,56.5,Pass
770,23,1.5,,85.5,46.5,Urban,Humanities,Yes,51.5,Pass
771,19,8.3,6.3,69.4,5.0,Urban,Humanities,Yes,90.2,Pass
772,22,2.9,8.2,100.0,,Urban,Management,No,42.9,Pass
773,21,4.5,5.2,53.4,11.5,,Education,No,48.6,Pass
774,17,2.6,7.2,85.5,33.5,Semi-urban,Management,No,47.5,Pass
775,19,2.3,4.7,87.6,50.4,Rural,Science,Yes,44.0,Pass
776,22,1.0,7.3,90.4,34.6,Urban,Management,Yes,40.0,Pass
777,19,5.3,6.8,100.0,20.8,Urban,Science,,68.3,Pass
778,23,8.9,6.4,82.7,,Semi-urban,Management,Yes,71.6,Pass
779,20,6.6,9.3,74.1,12.5,Urban,Management,Yes,72.5,Pass
780,24,2.4,6.4,72.3,24.2,Rural,Education,No,47.2,Pass
781,22,0.8,7.2,88.7,41.2,Semi-urban,Management,Yes,38.5,Fail
782,22,2.0,4.9,97.0,34.4,Rural,Education,Yes,44.9,Pass
783,21,1.6,,75.1,21.9,Semi-urban,Education,No,52.9,Pass
784,21,5.4,5.3,87.9,65.5,Rural,Management,Yes,58.0,Pass
785,23,4.5,6.4,72.9,,Urban,Humanities,No,58.9,Pass
786,21,3.5,5.0,69.5,32.5,Semi-urban,Science,Yes,47.8,Pass
787,19,1.3,6.7,79.0,50.1,Rural,Education,No,21.6,Fail
788,24,6.5,5.3,76.7,26.2,Semi-urban,Science,Yes,72.8,Pass
789,23,1.8,7.2,94.6,65.2,Urban,Humanities,Yes,41.7,Pass
790,24,8.0,8.4,79.0,12.0,,Education,No,61.5,Pass
791,23,3.0,8.6,68.9,,Urban,Management,No,48.1,Pass
792,24,4.3,7.9,74.8,,Semi-urban,Education,No,45.5,Pass
793,21,7.0,8.6,79.1,46.0,Semi-urban,Humanities,No,50.9,Pass
794,17,7.2,7.0,77.0,146.4,Rural,Humanities,Yes,76.3,Pass
795,18,7.6,8.5,71.0,16.4,Semi-urban,Management,No,79.4,Pass
796,19,2.4,6.3,81.7,19.0,Urban,Management,No,51.7,Pass
797,19,4.0,7.0,94.3,52.6,Urban,Management,Yes,62.1,Pass
798,17,3.0,7.6,92.1,22.8,Urban,Education,No,47.5,Pass
799,19,13.4,6.5,71.3,18.5,Rural,Management,No,90.6,Pass
800,24,3.2,8.5,65.1,25.3,Semi-urban,Science,Yes,44.4,Pass
801,18,1.0,5.5,97.9,28.5,Semi-urban,Science,No,41.2,Pass
802,20,8.4,5.9,90.1,16.4,Urban,Management,No,80.9,Pass
803,17,1.0,5.9,93.3,29.1,Rural,Management,Yes,48.6,Pass
804,24,3.1,4.9,83.2,,Urban,Management,Yes,52.0,Pass
805,18,4.6,7.4,71.5,13.5,Semi-urban,Management,No,28.5,Fail
806,23,4.2,7.8,85.3,41.5,Semi-urban,Humanities,No,56.6,Pass
807,22,5.9,7.2,,84.4,Urban,Science,Yes,69.1,Pass
808,18,7.8,6.2,62.3,,Rural,Science,Yes,70.4,Pass
809,18,2.2,6.8,92.8,71.7,Semi-urban,Management,No,45.9,Pass
810,20,2.5,5.3,,54.9,Semi-urban,Science,Yes,42.8,Pass
811,21,1.2,7.1,80.9,,Rural,Science,Yes,39.8,Fail
812,17,9.5,6.3,85.9,37.4,Urban,Humanities,Yes,74.6,Pass
813,18,1.1,6.7,85.0,27.0,Urban,Management,No,37.8,Fail
814,17,6.4,6.8,77.9,19.1,Rural,Science,No,48.3,Pass
815,21,4.5,5.6,78.9,40.6,Urban,Management,No,61.6,Pass
816,23,5.4,6.1,82.4,46.0,,Management,Yes,62.0,Pass
817,22,2.6,5.7,,37.4,Semi-urban,Management,No,53.1,Pass
818,21,4.5,6.9,85.8,35.5,Urban,Humanities,No,55.5,Pass
819,22,4.9,6.6,84.8,,Semi-urban,Science,No,58.1,Pass
820,19,1.3,6.2,100.0,23.6,Urban,Humanities,No,41.7,Pass
821,23,6.3,7.8,62.3,18.6,Semi-urban,Education,No,57.8,Pass
822,24,2.2,5.2,71.1,45.5,Urban,Management,Yes,53.9,Pass
823,23,5.4,5.8,57.5,91.8,Rural,Management,Yes,66.3,Pass
824,22,5.0,7.3,89.7,57.5,Rural,Education,No,49.7,Pass
825,19,0.8,6.7,86.1,23.3,Semi-urban,Humanities,No,35.0,Fail
826,17,3.7,9.5,76.2,37.1,Rural,Science,Yes,55.9,Pass
827,18,1.1,8.8,86.6,65.3,Rural,Management,Yes,46.3,Pass
828,23,4.3,6.7,100.0,29.9,Urban,Science,No,49.8,Pass
829,23,3.5,5.6,98.2,45.3,Urban,Science,No,60.1,Pass
830,23,6.3,,71.8,14.7,Urban,Humanities,No,63.7,Pass
831,20,2.5,7.7,85.1,15.1,Rural,Education,No,36.2,Fail
832,17,1.7,7.3,78.8,27.6,Semi-urban,Education,No,37.0,Fail
833,20,2.2,7.3,,,Urban,Education,Yes,56.3,Pass
834,20,7.9,7.2,81.9,41.9,Urban,Management,No,65.3,Pass
835,20,3.2,8.1,90.5,29.3,Semi-urban,Science,Yes,61.3,Pass
836,17,0.9,5.4,68.2,103.4,Urban,Humanities,No,28.6,Fail
837,21,0.8,5.7,,14.1,Urban,Education,No,28.1,Fail
838,17,4.4,6.9,88.0,44.7,Semi-urban,Science,No,51.4,Pass
839,24,2.7,7.5,61.2,53.8,Urban,Management,Yes,54.3,Pass
840,18,4.3,7.0,84.5,30.0,Semi-urban,Science,No,46.2,Pass
841,20,3.9,8.7,77.0,47.6,Urban,Education,Yes,60.2,Pass
842,24,3.4,6.7,73.5,48.2,Urban,Education,Yes,57.1,Pass
843,24,3.9,5.4,85.9,32.6,,Management,No,36.8,Fail
844,22,2.7,,73.8,92.8,Urban,Management,Yes,44.8,Pass
845,18,3.2,7.8,87.4,54.3,Semi-urban,Humanities,No,51.2,Pass
846,24,6.7,7.1,65.1,27.5,Urban,Education,No,60.6,Pass
847,17,1.7,5.6,79.3,16.1,Semi-urban,Management,No,41.8,Pass
848,20,4.2,,100.0,13.2,Rural,Science,No,52.2,Pass
849,22,6.1,8.3,84.6,37.2,Urban,Science,No,70.1,Pass
850,18,4.2,6.9,67.0,31.6,Rural,Management,No,47.8,Pass
851,24,12.1,5.6,87.4,51.4,Urban,Education,Yes,96.2,Pass
852,18,1.6,4.7,90.6,15.0,Semi-urban,Management,Yes,59.4,Pass
853,19,8.6,6.9,92.7,42.8,Urban,Management,No,76.9,Pass
854,22,1.5,7.1,,33.5,Rural,Humanities,Yes,43.1,Pass
855,21,7.4,8.0,75.5,62.5,Urban,Science,No,76.0,Pass
856,19,3.6,9.7,91.6,55.7,Urban,Management,Yes,62.4,Pass
857,24,8.4,6.2,72.2,21.3,Semi-urban,Education,Yes,68.0,Pass
858,21,5.9,7.7,67.3,26.3,Semi-urban,Science,Yes,63.4,Pass
859,19,2.3,7.5,79.0,,Semi-urban,Management,No,53.4,Pass
860,23,2.9,7.0,70.0,29.9,Rural,Science,No,41.0,Pass
861,17,5.6,6.6,90.4,31.7,Urban,Management,No,63.5,Pass
862,19,1.7,,59.2,24.4,Semi-urban,Humanities,No,27.0,Fail
863,21,1.7,5.7,84.0,,Urban,Humanities,No,34.3,Fail
864,19,6.0,5.6,70.0,39.8,Urban,Science,No,60.8,Pass
865,18,6.8,5.1,65.7,28.7,Semi-urban,Management,No,58.9,Pass
866,21,1.7,6.1,89.2,32.2,Semi-urban,Management,No,40.1,Pass
867,22,4.2,6.0,82.3,26.2,Urban,Science,Yes,52.9,Pass
868,24,6.1,7.2,64.0,,Semi-urban,Science,No,50.6,Pass
869,23,5.6,8.1,94.3,60.4,Semi-urban,Management,No,58.7,Pass
870,22,5.4,7.8,75.8,34.8,Urban,Education,Yes,67.5,Pass
871,24,5.1,,66.1,9.2,Rural,Management,No,38.8,Fail
872,21,8.4,6.8,57.8,,Semi-urban,Humanities,Yes,53.7,Pass
873,20,4.8,6.8,54.6,26.9,Rural,Science,No,45.8,Pass
874,20,6.5,6.8,73.1,,Rural,Management,Yes,49.3,Pass
875,23,7.0,5.1,93.6,23.0,Urban,Humanities,Yes,70.7,Pass
876,20,2.6,8.5,72.2,45.4,Semi-urban,Science,Yes,48.1,Pass
877,17,0.9,6.7,88.9,59.8,Urban,Humanities,Yes,48.3,Pass
878,22,1.8,5.4,77.7,17.9,Urban,Management,No,40.4,Pass
879,23,3.3,6.3,98.2,,Rural,Management,No,52.4,Pass
880,17,2.0,7.6,92.0,41.9,Rural,Science,Yes,39.8,Fail
881,22,6.8,7.4,94.6,73.3,Semi-urban,Science,Yes,66.3,Pass
882,22,3.1,9.9,100.0,54.4,Urban,Science,No,54.4,Pass
883,19,4.1,6.4,97.5,21.1,Urban,Management,Yes,63.4,Pass
884,17,5.3,7.6,84.3,27.1,Urban,Management,Yes,58.8,Pass
885,24,4.4,5.9,84.3,60.7,Urban,Humanities,No,51.1,Pass
886,22,7.9,,89.6,25.0,Urban,Humanities,No,60.4,Pass
887,19,0.3,5.5,65.5,40.9,Urban,Management,Yes,37.9,Fail
888,19,3.0,5.2,,65.5,Rural,Management,Yes,54.4,Pass
889,23,1.1,6.7,81.2,110.3,Rural,Management,Yes,35.9,Fail
890,22,2.1,6.0,,47.5,Semi-urban,Humanities,No,37.3,Fail
891,21,1.5,6.3,83.1,40.4,Semi-urban,Science,Yes,47.2,Pass
892,18,4.3,6.7,65.4,29.5,Urban,Management,No,65.9,Pass
893,18,2.3,8.1,77.0,20.7,Rural,Humanities,No,40.4,Pass
894,20,5.2,5.6,84.9,27.3,Semi-urban,Education,Yes,60.2,Pass
895,20,3.1,5.0,98.2,,Urban,Management,Yes,62.1,Pass
896,17,4.4,7.8,88.8,15.0,Rural,Management,No,45.5,Pass
897,20,3.6,6.4,85.1,,Urban,Management,Yes,49.2,Pass
898,23,7.6,7.8,100.0,11.2,Semi-urban,Humanities,No,72.5,Pass
899,18,1.7,6.2,100.0,84.6,Semi-urban,Management,Yes,37.5,Fail
900,23,4.4,6.0,79.8,12.6,Rural,Humanities,No,43.2,Pass
901,22,,6.7,84.1,15.8,Urban,Education,No,44.7,Pass
902,22,12.5,8.5,90.2,92.1,Semi-urban,Management,Yes,83.7,Pass
903,21,5.7,7.5,71.3,21.4,Urban,Humanities,No,50.0,Pass
904,17,2.1,7.1,82.8,45.9,Urban,Science,No,53.5,Pass
905,24,2.4,9.0,75.5,46.1,Semi-urban,Humanities,Yes,38.3,Fail
906,24,2.1,6.2,99.4,32.4,Semi-urban,Science,Yes,60.0,Pass
907,23,3.5,8.7,86.5,27.2,Urban,Management,No,70.1,Pass
908,19,2.2,6.7,99.0,58.5,Semi-urban,Education,No,53.0,Pass
909,18,2.3,9.2,90.0,10.8,Rural,Humanities,No,47.2,Pass
910,24,2.0,5.1,90.9,51.5,Urban,Management,No,44.6,Pass
911,22,5.2,6.2,75.2,60.8,Rural,Education,Yes,47.8,Pass
912,17,0.6,7.4,78.4,,Urban,Science,Yes,47.4,Pass
913,20,3.5,8.8,69.2,52.7,Rural,Education,No,40.3,Pass
914,23,2.3,7.5,69.2,17.2,Urban,Humanities,No,49.8,Pass
915,19,9.4,7.1,77.5,48.1,Rural,Humanities,No,69.4,Pass
916,21,5.5,6.8,,68.2,Semi-urban,Management,Yes,62.7,Pass
917,18,1.7,5.0,83.1,,Semi-urban,Management,No,40.0,Pass
918,20,2.9,4.6,90.3,30.0,Semi-urban,Humanities,Yes,43.7,Pass
919,21,2.0,5.5,60.7,24.6,Semi-urban,Education,No,34.4,Fail
920,24,3.0,7.3,87.8,79.2,Semi-urban,Management,No,51.1,Pass
921,17,5.9,9.1,,24.1,Urban,Management,Yes,62.0,Pass
922,22,1.9,6.6,93.2,50.2,Urban,Management,Yes,48.9,Pass
923,23,4.2,6.0,84.1,,Urban,Education,Yes,68.8,Pass
924,24,2.8,6.6,94.3,,Urban,Management,Yes,55.6,Pass
925,19,3.2,5.8,77.6,,Urban,Management,No,55.0,Pass
926,21,7.4,7.0,57.9,17.2,Urban,Humanities,No,71.3,Pass
927,17,2.8,,89.3,83.6,Rural,Science,Yes,49.6,Pass
928,18,3.1,7.1,60.5,19.4,Rural,Management,No,41.5,Pass
929,21,11.8,5.5,73.1,86.1,Urban,Science,Yes,75.1,Pass
930,21,,5.8,60.4,18.6,Urban,Education,No,40.5,Pass
931,19,5.1,7.1,83.2,20.5,Rural,Management,No,55.2,Pass
932,19,3.5,7.6,84.0,100.3,Urban,Science,Yes,68.7,Pass
933,24,0.8,7.2,75.3,12.5,Rural,Management,No,21.6,Fail
934,22,9.6,6.9,93.7,16.5,Urban,Humanities,No,81.3,Pass
935,21,2.7,6.9,53.5,75.9,Semi-urban,Humanities,Yes,31.8,Fail
936,19,7.1,6.0,74.1,45.8,Urban,Science,Yes,72.0,Pass
937,19,4.8,3.4,79.7,32.3,Urban,Humanities,No,50.8,Pass
938,20,2.4,6.4,64.1,950.0,Semi-urban,Science,No,36.3,Fail
939,19,4.5,7.6,89.9,82.8,Semi-urban,Humanities,Yes,65.2,Pass
940,19,1.4,6.1,68.0,81.0,Urban,Science,Yes,63.2,Pass
941,17,2.2,5.0,86.4,51.6,Rural,Science,No,31.6,Fail
942,23,0.2,7.4,86.7,18.7,Rural,Science,No,35.1,Fail
943,22,7.7,8.9,94.9,12.9,Rural,Education,No,67.7,Pass
944,21,4.6,7.1,100.0,66.9,Semi-urban,Management,Yes,60.0,Pass
945,18,3.5,6.7,73.2,49.8,Urban,Management,Yes,56.7,Pass
946,24,1.2,7.6,81.4,66.0,Urban,Management,Yes,50.6,Pass
947,18,5.5,6.4,70.1,36.5,Semi-urban,Management,Yes,65.2,Pass
948,20,4.8,9.2,87.2,116.1,Semi-urban,Management,Yes,55.6,Pass
949,24,4.3,6.8,77.2,58.3,Rural,Science,Yes,53.6,Pass
950,19,4.1,9.6,98.0,124.2,Urban,Humanities,Yes,55.5,Pass
951,17,1.8,6.5,85.2,,Urban,Humanities,No,46.2,Pass
952,24,2.7,6.5,85.2,32.7,Rural,Management,No,51.5,Pass
953,17,4.5,6.5,81.5,37.2,Urban,Humanities,No,60.3,Pass
954,18,7.7,7.3,96.3,31.4,Urban,Education,No,64.9,Pass
955,22,1.4,8.3,69.2,54.7,Urban,Humanities,Yes,36.8,Fail
956,24,1.0,10.0,94.8,11.0,Urban,Science,No,54.8,Pass
957,23,1.0,6.0,91.7,,Urban,Humanities,,40.6,Pass
958,21,2.4,7.9,90.6,11.0,Rural,Science,No,43.6,Pass
959,17,0.2,7.4,82.9,37.8,Semi-urban,Humanities,No,34.9,Fail
960,20,7.9,6.7,68.5,23.6,Rural,Management,No,61.5,Pass
961,18,0.9,8.8,86.2,52.5,Urban,Humanities,No,47.1,Pass
962,24,1.1,3.8,100.0,31.9,Semi-urban,Science,No,32.7,Fail
963,17,4.0,8.0,87.6,71.1,Rural,Management,Yes,60.9,Pass
964,24,3.5,8.2,63.7,49.8,Rural,Management,Yes,49.8,Pass
965,18,2.1,5.8,77.1,25.9,Rural,Humanities,No,34.1,Fail
966,24,10.5,,88.8,68.3,Rural,Humanities,No,68.8,Pass
967,22,1.4,5.2,64.4,66.2,Urban,Management,No,27.7,Fail
968,23,3.7,7.5,76.1,25.6,Semi-urban,Science,Yes,59.8,Pass
969,17,3.8,7.2,77.5,58.0,Urban,Science,Yes,64.9,Pass
970,19,3.7,6.2,70.5,15.8,Urban,Science,No,45.6,Pass
971,19,1.5,5.2,74.0,38.6,Semi-urban,Education,No,44.6,Pass
972,23,8.2,5.9,,,Urban,Management,Yes,77.3,Pass
973,24,10.0,7.3,74.8,104.6,Urban,Science,Yes,89.2,Pass
974,21,0.7,5.9,76.9,38.7,Urban,Humanities,Yes,51.5,Pass
975,21,3.7,6.0,91.2,22.0,Rural,Science,Yes,54.8,Pass
976,18,1.4,7.1,81.9,29.2,,Humanities,Yes,36.3,Fail
977,24,1.2,6.0,71.8,48.6,Semi-urban,Science,Yes,32.0,Fail
978,20,4.5,7.4,70.0,70.8,Urban,Education,Yes,50.4,Pass
979,19,4.5,6.8,90.3,,Semi-urban,Science,Yes,48.9,Pass
980,24,8.3,7.3,79.6,32.0,Rural,Management,Yes,68.9,Pass
981,18,4.3,3.5,63.5,22.0,Semi-urban,Humanities,Yes,46.1,Pass
982,19,1.7,6.6,88.1,14.8,Semi-urban,Humanities,No,35.3,Fail
983,22,3.4,6.9,65.8,23.1,Semi-urban,Management,No,36.5,Fail
984,20,3.5,5.6,71.1,33.0,Semi-urban,Management,Yes,49.2,Pass
985,23,8.8,8.3,79.6,28.1,Rural,Humanities,,73.2,Pass
986,19,4.8,5.9,75.3,55.9,Semi-urban,Management,Yes,65.5,Pass
987,20,4.4,7.2,85.7,28.9,Urban,Education,No,62.4,Pass
988,20,9.1,6.8,69.9,33.0,Urban,Management,No,75.4,Pass
989,17,2.6,8.3,72.1,74.4,Rural,Management,Yes,53.1,Pass
990,21,5.7,6.9,81.6,12.0,Urban,Management,No,52.7,Pass
991,24,7.3,6.3,100.0,52.6,Semi-urban,Science,Yes,81.5,Pass
992,17,4.2,6.4,100.0,61.3,Semi-urban,Management,Yes,53.5,Pass
993,18,2.6,7.8,85.1,57.0,Urban,Management,,58.8,Pass
994,24,6.9,8.2,83.0,14.8,Urban,Management,No,58.6,Pass
995,24,5.3,,84.3,50.5,,Management,Yes,66.3,Pass
996,21,3.8,5.8,82.3,23.2,Semi-urban,Humanities,No,44.0,Pass
997,17,1.2,5.6,70.3,58.7,Urban,Humanities,Yes,41.3,Pass
998,18,1.8,7.7,67.7,33.5,Urban,Science,Yes,56.7,Pass
999,24,12.7,6.6,88.8,20.4,Urban,Humanities,Yes,94.0,Pass
1000,24,1.5,5.2,93.1,14.8,Semi-urban,Science,No,37.7,Fail
1001,20,1.5,5.7,96.5,10.6,Semi-urban,Science,Yes,53.4,Pass
1002,19,3.4,6.4,77.2,101.9,Urban,Science,,57.7,Pass
1003,22,4.3,8.8,,54.3,Rural,Science,No,58.2,Pass
1004,22,,7.5,79.1,27.4,Semi-urban,Management,Yes,52.8,Pass
1005,20,3.4,4.5,71.4,28.0,Urban,Management,No,35.3,Fail
1006,22,6.0,7.0,85.6,12.6,Urban,Education,Yes,72.3,Pass
1007,24,2.5,6.7,68.9,,Rural,Humanities,No,37.2,Fail
1008,20,1.7,6.5,100.0,157.2,Urban,Science,Yes,61.7,Pass
1009,24,8.5,6.2,88.0,10.9,Semi-urban,Science,No,70.2,Pass
1010,23,1.7,7.2,73.6,27.1,Semi-urban,Humanities,Yes,47.4,Pass
1011,24,3.9,5.1,82.6,47.6,Semi-urban,Humanities,Yes,47.2,Pass
1012,20,1.8,6.5,73.3,33.2,Semi-urban,Management,Yes,43.7,Pass
1013,18,3.4,6.4,74.2,33.5,Urban,Science,No,55.1,Pass
1014,23,4.0,,97.2,34.7,Urban,Management,Yes,62.7,Pass
1015,23,2.3,7.3,87.3,,Urban,Management,No,46.4,Pass
1016,24,2.6,7.6,64.6,17.5,Urban,Science,,57.9,Pass
1017,17,2.0,7.4,91.8,52.2,Rural,Management,No,47.3,Pass
1018,19,4.3,7.0,87.4,34.1,Semi-urban,Humanities,No,43.8,Pass
1019,24,1.9,6.6,69.2,32.5,Urban,Management,Yes,45.8,Pass
1020,21,3.6,8.3,79.2,62.2,Semi-urban,Management,Yes,47.8,Pass
1021,17,2.0,5.9,87.3,,Rural,Humanities,Yes,51.2,Pass
1022,19,10.6,6.1,78.0,,Semi-urban,Education,Yes,69.5,Pass
1023,19,4.1,6.7,81.7,13.3,Semi-urban,Science,No,46.0,Pass
1024,23,1.9,7.6,88.6,33.6,Rural,Education,,41.2,Pass
1025,21,,6.7,98.2,13.3,Urban,Science,Yes,66.3,Pass
1026,23,4.4,6.1,81.4,18.2,Rural,Humanities,,47.5,Pass
1027,23,6.2,9.3,73.1,23.7,Rural,Education,No,58.5,Pass
1028,17,7.6,7.1,80.3,60.2,Urban,Management,No,56.8,Pass
1029,23,2.3,5.8,73.5,,Rural,Science,Yes,51.4,Pass
1030,21,3.8,4.7,70.1,39.2,Rural,Science,Yes,50.8,Pass
1031,21,4.1,7.1,77.7,25.5,Urban,Science,No,44.7,Pass
1032,18,8.4,8.2,64.9,20.2,Urban,Management,No,71.4,Pass
1033,17,1.4,8.4,90.2,81.3,Semi-urban,Management,No,40.2,Pass
1034,19,1.1,10.0,86.3,30.6,Rural,Management,Yes,35.4,Fail
1035,24,2.6,6.1,89.3,44.7,Rural,Science,Yes,46.0,Pass
1036,23,6.5,7.7,91.9,48.0,Rural,Education,Yes,76.0,Pass
1037,17,3.1,7.6,,38.6,Urban,Science,Yes,69.8,Pass
1038,19,0.6,5.8,76.0,55.2,Urban,Management,Yes,37.7,Fail
1039,22,4.5,,86.0,35.9,Semi-urban,Education,Yes,65.7,Pass
1040,22,0.8,6.1,70.9,41.1,Urban,Education,No,36.5,Fail
1041,20,2.8,8.5,84.3,,Semi-urban,Management,No,40.4,Pass
1042,20,3.3,7.1,92.2,26.3,Urban,Science,Yes,50.7,Pass
1043,20,4.4,6.7,61.6,59.9,Semi-urban,Management,Yes,66.8,Pass
1044,17,3.4,5.1,69.9,,Semi-urban,Humanities,Yes,42.7,Pass
1045,17,4.8,5.1,99.2,36.1,Semi-urban,Management,Yes,64.7,Pass
1046,23,4.6,6.7,84.8,63.4,Urban,Management,Yes,69.7,Pass
1047,23,3.0,7.9,95.8,,Urban,Education,,55.3,Pass
1048,17,8.0,5.8,90.6,99.3,Semi-urban,Management,Yes,62.5,Pass
1049,23,7.2,8.1,77.2,,Rural,Education,Yes,71.3,Pass
1050,18,9.5,7.5,75.7,74.2,Semi-urban,Management,Yes,75.1,Pass
1051,22,5.9,5.6,85.0,53.3,Urban,Management,Yes,54.5,Pass
1052,24,5.7,7.3,92.6,93.0,Urban,Science,No,61.3,Pass
1053,23,4.0,8.3,93.6,27.6,Semi-urban,Science,No,62.8,Pass
1054,24,2.1,7.6,82.7,65.5,Semi-urban,Education,No,38.6,Fail
1055,18,2.4,7.6,76.8,104.7,Rural,Management,Yes,45.2,Pass
1056,19,,6.4,81.8,61.8,Urban,Management,No,55.0,Pass
1057,19,2.1,7.3,98.8,37.1,Semi-urban,Humanities,No,39.6,Fail
1058,19,,6.4,75.8,35.6,Urban,Science,Yes,52.3,Pass
1059,18,3.5,9.5,82.5,10.8,Urban,Education,No,39.9,Fail
1060,20,4.6,7.0,87.3,32.1,Urban,Science,No,70.8,Pass
1061,20,1.4,6.4,51.9,52.0,Semi-urban,Management,Yes,43.2,Pass
1062,17,0.9,4.3,100.0,,Urban,Humanities,No,44.7,Pass
1063,24,4.6,8.1,76.3,19.1,Semi-urban,Humanities,No,53.5,Pass
1064,21,6.3,8.9,87.1,93.6,Urban,Science,Yes,83.5,Pass
1065,22,0.6,5.6,84.3,61.8,Urban,Humanities,No,30.2,Fail
1066,24,,8.9,68.8,21.0,Urban,Management,No,36.1,Fail
1067,18,1.9,6.3,78.2,,Semi-urban,Management,No,33.5,Fail
1068,18,1.7,6.1,70.4,13.6,Urban,Management,No,42.0,Pass
1069,19,3.1,5.4,90.0,19.8,Urban,Management,No,40.6,Pass
1070,21,3.4,7.0,73.7,41.1,Semi-urban,Humanities,Yes,49.4,Pass
1071,19,2.2,6.0,77.5,18.9,Urban,Science,No,51.1,Pass
1072,23,1.7,7.4,82.9,51.8,Semi-urban,Humanities,No,38.3,Fail
1073,17,2.3,,93.6,58.0,Urban,Science,Yes,40.9,Pass
1074,17,2.3,8.6,88.1,37.9,Urban,Management,Yes,49.7,Pass
1075,18,2.9,8.2,90.6,38.2,Semi-urban,Humanities,Yes,44.1,Pass
1076,24,0.8,7.4,72.3,,Semi-urban,Science,No,26.5,Fail
1077,18,4.5,4.5,92.1,60.0,Semi-urban,Science,Yes,51.5,Pass
1078,23,1.1,,57.1,79.4,Urban,Management,Yes,43.6,Pass
1079,24,6.8,7.2,85.3,22.9,Semi-urban,Education,No,54.0,Pass
1080,23,1.7,5.1,87.8,,Urban,Education,Yes,45.3,Pass
1081,22,11.8,5.6,86.4,46.9,Urban,Management,Yes,89.4,Pass
1082,24,2.8,7.1,73.7,28.1,Semi-urban,Management,No,48.2,Pass
1083,24,5.1,5.6,74.1,,Urban,Humanities,Yes,62.7,Pass
1084,21,4.9,5.2,78.8,24.0,Urban,Management,Yes,58.2,Pass
1085,19,1.3,6.0,90.1,39.5,Urban,Science,Yes,57.2,Pass
1086,23,3.3,7.2,91.8,25.7,Semi-urban,Humanities,Yes,54.7,Pass
1087,19,,6.9,83.0,114.7,Semi-urban,Science,Yes,38.0,Fail
1088,18,1.8,8.2,81.7,75.0,Rural,Humanities,Yes,48.5,Pass
1089,19,3.3,7.4,74.4,33.2,Urban,Science,No,57.2,Pass
1090,20,9.8,7.7,83.2,44.0,Semi-urban,Management,Yes,88.6,Pass
1091,19,10.6,7.8,82.9,63.2,Rural,Management,Yes,96.4,Pass
1092,21,2.6,5.0,100.0,58.6,Rural,Management,No,54.6,Pass
1093,23,2.8,7.2,74.4,54.3,Urban,Management,Yes,55.4,Pass
1094,18,1.4,4.5,86.0,33.2,Semi-urban,Management,No,41.5,Pass
1095,22,3.5,6.3,85.1,45.8,Semi-urban,Management,Yes,57.4,Pass
1096,17,2.3,4.7,85.0,62.8,Urban,Education,Yes,54.2,Pass
1097,20,1.7,6.9,84.3,113.4,Urban,Science,Yes,52.1,Pass
1098,21,0.4,6.5,67.8,32.9,Rural,Management,No,36.7,Fail
1099,24,2.0,4.1,91.1,,Urban,Management,No,29.5,Fail
1100,24,3.5,6.0,69.3,28.8,Semi-urban,Science,No,49.0,Pass
1101,21,2.4,7.6,77.8,26.5,Rural,Science,Yes,57.0,Pass
1102,24,8.9,6.9,68.3,18.3,Rural,Management,No,52.0,Pass
1103,22,8.5,7.1,82.7,40.8,Urban,Management,No,71.2,Pass
1104,23,3.9,5.1,76.7,29.6,Urban,Science,No,57.8,Pass
1105,18,5.7,8.8,81.1,15.2,,Management,,66.7,Pass
1106,22,1.9,7.4,71.0,63.9,Urban,Management,Yes,44.7,Pass
1107,21,1.1,6.8,85.3,116.0,Urban,Management,Yes,49.2,Pass
1108,23,1.6,8.2,66.5,34.6,Urban,Science,Yes,38.2,Fail
1109,20,1.7,8.0,91.3,47.3,Semi-urban,Management,No,52.3,Pass
1110,23,3.0,7.5,84.2,92.9,Urban,Science,Yes,52.5,Pass
1111,20,7.2,8.2,71.4,50.0,Urban,Management,No,63.6,Pass
1112,20,0.8,3.7,72.5,15.3,Urban,Science,No,29.0,Fail
1113,24,4.8,,58.2,11.5,Rural,Science,No,39.1,Fail
1114,21,,6.2,88.2,32.9,Rural,Humanities,Yes,30.3,Fail
1115,17,1.0,6.4,77.8,68.2,Urban,Management,No,39.6,Fail
1116,23,0.9,6.5,91.2,21.4,Urban,Management,Yes,47.3,Pass
1117,20,2.6,7.0,,50.4,Semi-urban,Education,Yes,48.2,Pass
1118,20,7.0,6.4,94.7,,Rural,Education,Yes,67.1,Pass
1119,19,1.5,8.1,86.0,21.5,Semi-urban,Management,No,42.8,Pass
1120,17,3.0,6.3,93.8,36.2,Urban,Education,No,48.9,Pass
1121,21,4.6,6.8,85.3,19.5,Semi-urban,Science,Yes,63.9,Pass
1122,20,4.6,6.8,79.2,98.2,Urban,Management,Yes,54.7,Pass
1123,22,4.4,3.6,66.9,12.8,Rural,Science,No,32.3,Fail
1124,17,1.7,5.0,74.2,9.7,Rural,Humanities,No,20.4,Fail
1125,20,1.5,6.8,70.9,13.2,Rural,Management,No,25.7,Fail
1126,17,16.0,7.6,81.9,27.0,Urban,Science,No,72.2,Pass
1127,21,4.2,6.6,76.7,37.6,Urban,Management,Yes,67.4,Pass
1128,23,6.6,8.2,100.0,14.6,Urban,Science,No,70.7,Pass
1129,20,3.5,5.7,68.9,,Urban,Education,No,51.1,Pass
1130,17,2.0,,86.6,17.9,Rural,Management,No,40.7,Pass
1131,17,6.2,6.2,88.8,15.1,Urban,Humanities,No,57.6,Pass
1132,18,9.7,8.3,75.8,,Semi-urban,Science,Yes,84.2,Pass
1133,20,3.5,6.3,92.1,34.8,Urban,Humanities,Yes,48.1,Pass
1134,17,1.3,,73.7,27.3,Urban,Science,Yes,46.5,Pass
1135,23,2.6,5.1,66.2,4.2,Urban,Science,No,33.0,Fail
1136,17,1.9,9.2,73.1,14.7,Urban,Education,No,47.0,Pass
1137,23,5.4,5.8,85.3,28.8,Urban,Science,Yes,68.8,Pass
1138,18,2.4,6.1,96.1,,Urban,Management,Yes,40.0,Pass
1139,22,3.2,5.8,82.1,43.3,Semi-urban,Management,Yes,52.1,Pass
1140,22,2.8,10.0,74.1,37.4,Urban,Humanities,Yes,46.8,Pass
1141,22,1.2,8.1,90.9,37.6,Urban,Management,No,44.1,Pass
1142,17,10.0,5.6,66.9,98.7,Urban,Science,Yes,75.3,Pass
1143,17,6.1,5.7,79.8,26.8,Urban,Science,Yes,59.8,Pass
1144,23,5.2,8.1,70.7,79.1,Rural,Humanities,Yes,55.0,Pass
1145,24,1.7,7.4,94.2,63.6,Rural,Education,No,40.0,Pass
1146,24,1.6,6.9,66.8,,Urban,Science,,42.3,Pass
1147,19,1.0,7.2,76.5,86.5,Rural,Science,Yes,39.9,Fail
1148,18,5.3,8.7,84.2,48.2,Semi-urban,Management,Yes,66.1,Pass
1149,20,2.6,8.7,84.3,,Urban,Management,No,57.5,Pass
1150,23,2.1,5.6,97.5,23.0,Urban,Education,Yes,50.4,Pass
1151,17,4.5,4.9,79.7,50.6,Semi-urban,Humanities,Yes,63.9,Pass
1152,23,1.7,7.3,84.3,80.9,Semi-urban,Science,Yes,52.6,Pass
1153,20,5.8,6.9,87.9,27.2,Semi-urban,Humanities,No,36.9,Fail
1154,17,2.9,8.2,,31.6,Urban,Management,Yes,72.3,Pass
1155,21,6.1,5.6,92.8,30.7,Urban,Humanities,No,61.5,Pass
1156,18,0.8,9.5,82.5,19.4,Urban,Humanities,Yes,50.7,Pass
1157,17,6.9,8.8,70.0,41.5,Urban,Management,No,60.2,Pass
1158,23,7.7,8.6,91.4,100.3,Semi-urban,Education,Yes,73.0,Pass
1159,23,0.6,6.5,98.0,51.8,Urban,Humanities,,39.6,Fail
1160,18,2.2,7.8,58.1,34.6,Urban,Humanities,Yes,36.6,Fail
1161,19,1.4,8.4,92.1,950.0,Urban,Education,Yes,67.6,Pass
1162,21,4.7,6.4,73.3,,Semi-urban,Humanities,No,50.0,Pass
1163,17,7.6,6.7,74.5,32.0,Urban,Management,No,48.7,Pass
1164,21,6.5,6.9,80.6,69.8,Semi-urban,Humanities,Yes,58.0,Pass
1165,22,1.1,5.5,79.1,47.6,Semi-urban,Management,Yes,33.1,Fail
1166,24,7.3,6.0,77.6,25.8,Semi-urban,Humanities,Yes,65.1,Pass
1167,19,4.1,7.0,73.3,85.1,Semi-urban,Management,Yes,46.7,Pass
1168,21,4.7,7.5,91.4,31.8,Urban,Humanities,Yes,53.5,Pass
1169,18,2.8,,88.9,18.6,Semi-urban,Management,No,54.8,Pass
1170,23,3.7,8.2,50.6,,Rural,Science,No,38.4,Fail
1171,24,2.9,7.5,71.7,,Semi-urban,Humanities,No,52.0,Pass
1172,19,2.3,5.5,98.5,35.6,Rural,Education,No,53.9,Pass
1173,20,,9.2,87.6,19.1,Rural,Humanities,No,40.4,Pass
1174,17,1.2,6.8,75.4,20.4,Urban,Science,Yes,46.2,Pass
1175,18,4.1,5.4,77.0,59.4,Urban,Management,Yes,53.8,Pass
1176,23,2.8,7.8,73.5,20.6,Semi-urban,Science,Yes,44.3,Pass
1177,20,2.4,7.4,84.6,42.3,Urban,Humanities,Yes,50.4,Pass
1178,22,4.0,7.0,91.0,24.7,Rural,Management,No,47.6,Pass
1179,18,6.8,6.9,78.4,,Rural,Management,Yes,51.7,Pass
1180,21,4.8,5.5,73.5,30.2,Urban,Management,Yes,68.5,Pass
1181,24,2.4,7.2,77.4,24.2,Rural,Management,Yes,39.5,Fail
1182,20,8.8,7.2,78.5,,Urban,Education,No,66.7,Pass
1183,24,4.0,,97.5,66.2,Urban,Management,Yes,58.2,Pass
1184,23,1.4,6.1,100.0,40.2,Urban,Management,No,42.8,Pass
1185,19,9.3,6.4,70.0,26.8,Semi-urban,Science,Yes,71.5,Pass
1186,19,4.6,6.2,88.8,,Semi-urban,Management,Yes,67.2,Pass
1187,22,4.9,5.6,93.8,21.6,Urban,Humanities,Yes,52.9,Pass
1188,24,,6.1,91.6,61.2,Rural,Science,Yes,84.7,Pass
1189,22,2.5,6.6,78.7,29.0,Urban,Management,No,36.5,Fail
1190,18,6.9,7.1,90.4,56.2,Urban,Management,No,68.6,Pass
1191,23,2.4,8.7,,38.4,Urban,Science,Yes,60.2,Pass
1192,22,1.1,5.7,82.2,36.0,Rural,Management,Yes,38.9,Fail
1193,23,3.7,,69.0,19.6,Urban,Humanities,No,56.9,Pass
1194,22,6.1,6.9,91.6,39.9,Urban,Education,Yes,70.6,Pass
1195,22,1.8,6.2,69.9,19.8,Semi-urban,Humanities,No,30.3,Fail
1196,22,5.9,8.2,83.1,18.1,Rural,Education,,50.7,Pass
1197,18,4.0,7.1,78.8,19.3,Urban,Education,Yes,57.8,Pass
1198,24,3.0,7.9,79.3,31.3,Rural,Humanities,Yes,52.8,Pass
1199,23,2.9,7.3,87.0,34.5,Semi-urban,Humanities,No,48.2,Pass
1200,17,3.1,3.0,89.4,124.7,Urban,Science,No,48.8,Pass
